order_id,product_ean,quantity_sold,store_name,sale_timestamp
25331a20-d9f8-4127-b865-390244746e01,3456789012345,1,TechLoja,2024-11-09T21:11:23Z
6a8898a8-b62f-402a-aff4-dfd6af97b32f,8765432109876,2,TechLoja,2025-01-19T11:15:53Z
1ce05fa4-f0a6-4230-b3d9-f3941a2b7e0f,3456789012345,1,TechLoja,2025-05-17T08:30:22Z
a9478005-4f10-4fd1-b4a2-cd1fa55e2737,8765432109876,2,GadgetPlace,2025-08-06T06:38:23Z
91a89f48-e954-4573-93b6-526d2c1b8487,6789012345678,2,GadgetPlace,2025-05-18T05:27:29Z
0a3a0e4d-bfb5-47c4-89f5-7d0323efbaf1,9012345678901,1,GadgetPlace,2025-05-02T13:13:34Z
6095fa9c-359d-4d8b-8554-f210fb3e3286,9876543210987,2,TechLoja,2025-01-17T00:10:18Z
5048daf0-e0d8-41bf-b6b2-0bf6ae5ba294,1234567890123,1,TechLoja,2025-04-22T15:56:20Z
b3387462-e519-4a88-ac9d-dcde7211b665,4321098765432,1,GadgetPlace,2025-09-29T22:26:18Z
814a977b-47d4-49e8-b731-dfe329e808fa,8901234567890,1,GadgetPlace,2025-01-01T17:21:19Z
2c220705-7e18-478e-93f1-8f7c8fc332b0,7890123456789,1,GadgetPlace,2025-10-27T09:13:42Z
271a0336-5470-4d31-a37a-420d39afc105,7654321098765,2,GadgetPlace,2025-01-31T00:54:50Z
88bd491f-8281-4673-94e1-aa87e340d08a,5678901234567,1,GadgetPlace,2025-02-25T03:11:46Z
782d4317-7403-4e23-9177-42576c8263ab,9012345678901,1,GadgetPlace,2025-07-30T02:20:59Z
78f5cf1e-f382-4e7e-a303-e9a72133a8b7,2345678901234,1,GadgetPlace,2025-09-13T12:29:50Z
9d33163a-1c05-4152-8fe6-ce4904d903e0,4321098765432,1,TechLoja,2024-10-01T00:43:09Z
39cab8d3-d9f3-41a9-9590-0a422421775d,4567890123456,1,TechLoja,2025-04-23T04:24:32Z
59ad97db-1150-4c4a-8c62-c70efe1b479a,6789012345678,3,GadgetPlace,2024-10-05T19:24:07Z
f31a9895-4247-41cf-b385-c7c141ce8a03,3456789012345,2,TechLoja,2025-01-25T22:38:29Z
a2b8520a-2383-4a82-82cf-d9cd28d2aaab,9012345678901,1,GadgetPlace,2025-03-07T01:06:45Z
75b0458e-805d-4028-a2d6-d067a025ece1,3456789012345,2,GadgetPlace,2025-10-03T11:14:04Z
6da4648d-eff3-4195-8cc3-9cda35d158c7,7654321098765,2,GadgetPlace,2025-10-29T20:43:28Z
f63bd8c2-a604-49d7-bdec-d4d4ff822913,6789012345678,1,TechLoja,2025-10-25T19:40:45Z
57ecf87e-c902-434b-a94c-0b4ed97e5ad5,2345678901234,1,GadgetPlace,2025-01-12T21:48:03Z
a5f5f149-d2fa-460f-b059-0b29bf2c034d,9876543210987,3,GadgetPlace,2024-10-21T17:17:52Z
392dba06-3674-4df3-99d9-dd93b93632e9,5678901234567,1,GadgetPlace,2025-02-15T13:32:24Z
57b6937d-7e4e-46b2-b874-a32705fff40e,4321098765432,3,GadgetPlace,2025-04-01T23:41:58Z
d8f01e29-0ce4-4c49-b578-0d0d4342b486,8901234567890,1,TechLoja,2025-07-16T08:52:57Z
baa72ac1-c9cf-455e-a6cf-c853d49b0765,9876543210987,1,TechLoja,2024-11-03T08:11:09Z
c2885135-bc7d-4c54-862f-416a72d74e7c,8901234567890,1,GadgetPlace,2025-10-15T15:18:15Z
563c5f3e-aceb-45ac-87e1-95f348fbd7ad,7654321098765,1,TechLoja,2025-08-28T21:18:54Z
42b615d6-6d9e-44b9-8ada-d565f2af6aec,3456789012345,3,TechLoja,2025-02-01T15:04:12Z
52f59a1e-9af8-4b62-ba9c-fc7bbb56644b,6789012345678,1,TechLoja,2025-04-23T15:52:39Z
a21ae098-2a25-4a96-8d53-4b7c561e1db2,5678901234567,1,GadgetPlace,2025-01-09T19:40:03Z
bc31a1ef-28ea-4cb4-be34-57b90cda320f,9876543210987,1,TechLoja,2025-08-24T14:45:32Z
65ce18ac-c10b-4830-a9d0-518a8daebd84,8901234567890,2,GadgetPlace,2025-05-25T20:31:11Z
ee030e07-a9d2-4931-aa3c-899e6b3f8cdd,4567890123456,2,GadgetPlace,2025-01-06T03:47:10Z
85a56af8-66e2-489e-82ef-7a03d11bd336,3456789012345,1,TechLoja,2025-04-14T22:25:47Z
53c99c97-9142-4e72-9af3-5224ca76eecf,6543210987654,1,TechLoja,2024-10-14T04:25:50Z
566b722c-de1e-4de4-b987-f1d185758595,6543210987654,1,TechLoja,2025-10-23T09:41:36Z
ef79c735-bf14-40f4-8f7a-a58599dbbff9,5678901234567,1,TechLoja,2025-03-01T11:41:07Z
5dc49d8b-471c-48fb-81a0-84568979c41c,5678901234567,1,GadgetPlace,2025-07-09T13:32:11Z
e567d881-8765-4964-b917-88d00ad60b17,1234567890123,1,TechLoja,2025-01-05T07:40:18Z
2b758442-41c6-4bcb-b748-64833d6ae669,4567890123456,1,GadgetPlace,2025-07-29T01:06:55Z
a12d0dbe-963d-4b4b-ae24-c7c47b6ff78b,4567890123456,1,TechLoja,2024-10-26T12:05:09Z
7445362f-9208-4eec-991c-7ebc7cfd6c01,1234567890123,1,GadgetPlace,2024-10-11T09:07:57Z
43e16b34-8291-4c22-83a3-eab957b57156,4321098765432,1,TechLoja,2025-07-18T03:29:32Z
cc57f089-093c-43d1-bda3-2be9a7c545d9,8765432109876,2,GadgetPlace,2025-02-20T17:39:47Z
eff64dfa-75a7-41af-8827-4f97e11ebbc2,9012345678901,3,GadgetPlace,2025-04-10T05:35:25Z
b18b9b0f-cb68-4684-86ed-3df916c796ec,3456789012345,2,GadgetPlace,2024-11-02T22:45:58Z
975ffc8b-af65-4135-ae0f-aab8fdcb5624,8765432109876,2,TechLoja,2025-07-01T03:08:55Z
f1fa2890-02e7-4ffb-aed0-2ab195f61352,3456789012345,1,GadgetPlace,2025-10-26T10:52:09Z
75265900-d9b2-404e-a85e-7d2e3fa26e82,6543210987654,1,TechLoja,2024-12-17T02:38:41Z
25f3e742-ee99-429f-bfcf-d80fbdc462f0,1234567890123,1,TechLoja,2025-06-27T10:08:15Z
23cb1c6f-c7e8-4244-b403-ce0561f3cfd3,8901234567890,1,TechLoja,2025-07-26T11:09:37Z
be21e7c3-3fb3-416f-be72-34ab67c0ed33,4567890123456,1,GadgetPlace,2025-04-01T10:26:05Z
e8bf0165-3988-47b5-82da-bd96a55540d8,5678901234567,1,TechLoja,2024-11-27T22:13:36Z
42a5deac-855e-45b6-9525-e3018ff0af8e,3456789012345,3,GadgetPlace,2025-05-25T00:38:15Z
93a9ba42-82f8-4928-9baa-52a3266f3892,4321098765432,1,GadgetPlace,2025-08-29T18:27:54Z
304416b3-8beb-45fb-a69a-d783a1081a4e,3456789012345,1,TechLoja,2024-10-27T00:09:47Z
15188927-2d81-46fc-a47f-03f2ea5b3f21,3456789012345,1,TechLoja,2025-07-23T09:36:33Z
fb50c606-0fe7-4a69-94cf-d2a8fb339efd,4567890123456,1,TechLoja,2024-11-18T08:09:01Z
da8c205a-ac99-4479-9143-6d3744ce2b9f,7890123456789,1,GadgetPlace,2025-05-24T11:32:36Z
0b7ac9c3-172e-454a-ad6f-a9039edea34b,8765432109876,2,TechLoja,2025-10-25T02:24:30Z
da65116a-a172-4cd4-8a6d-564ab82e479b,9012345678901,1,TechLoja,2025-08-04T00:52:42Z
88619e39-4dba-4b3a-a303-58b9b8b13d65,6543210987654,2,TechLoja,2024-11-02T22:54:27Z
b2bffb43-74fc-4967-9525-7885be442d98,6543210987654,1,TechLoja,2025-05-01T06:35:05Z
8f528cc0-5d46-40cb-bcd3-31b89f2931e6,8765432109876,2,TechLoja,2024-10-27T22:35:50Z
495ec5a2-decf-4799-ba3e-fae109caa1c5,9876543210987,2,GadgetPlace,2025-11-05T19:53:25Z
e295778b-82f1-48c0-a6d2-71881072de49,8765432109876,2,TechLoja,2025-09-30T15:59:49Z
27e18c52-3033-4155-be67-d5c38f333cc7,7654321098765,2,TechLoja,2024-12-25T09:20:24Z
9a18d3ca-7868-43c0-b7cd-bcbac08522ed,3456789012345,1,GadgetPlace,2025-10-11T22:00:25Z
4346acad-7de1-4527-97b7-4fd7b17f8c81,9012345678901,2,TechLoja,2024-11-13T09:22:12Z
9e09fea2-2659-44a9-9f2b-dfdf91edfe7c,9876543210987,2,TechLoja,2024-11-24T16:45:53Z
cd2a1b41-4551-4d5d-b010-8309944937d1,9876543210987,1,GadgetPlace,2025-10-12T11:06:23Z
8ce77f8e-dc4a-4096-8868-05d54e03200e,7654321098765,1,TechLoja,2024-12-31T00:32:54Z
307a9e64-758c-4099-b3c7-4c1b8ba9016f,4321098765432,1,TechLoja,2025-05-03T10:55:30Z
f28ff4cb-8e3b-46d9-9cd6-3325b08ea7c9,4567890123456,1,GadgetPlace,2024-10-16T14:30:22Z
c050cd23-58c6-4d01-88e2-c41ac4dc67eb,5678901234567,1,TechLoja,2025-03-12T09:49:33Z
cc0ed0bf-d734-41df-9432-3bdce64601c4,2345678901234,1,TechLoja,2024-10-18T17:11:44Z
446f75db-757c-4107-9c3a-845897cae52f,6789012345678,3,GadgetPlace,2025-01-17T09:23:21Z
4b508d3c-df66-4e0b-879d-81283d5c2fee,3456789012345,1,GadgetPlace,2024-11-07T05:16:45Z
2a56f20a-865b-42fa-a43c-41c92e879cc1,7654321098765,2,GadgetPlace,2025-01-20T16:20:52Z
6f8f36c7-2bf0-4242-9815-d1399cc75a37,4321098765432,1,GadgetPlace,2025-03-19T18:29:44Z
d41055db-493c-42f1-889e-305b3dcbd70d,9876543210987,1,GadgetPlace,2025-06-03T15:20:33Z
4abe6060-577d-4102-952b-2d5286299d8c,7654321098765,1,GadgetPlace,2024-10-28T02:03:15Z
ab204dfe-9669-4f1b-8e1d-d79a21327ba7,4321098765432,3,GadgetPlace,2025-05-02T23:55:51Z
f63449be-53e6-4e73-8140-bb7e80481353,8765432109876,1,GadgetPlace,2025-01-17T13:39:19Z
8ba253bc-6bfd-4385-bc67-e0987366421a,9012345678901,2,TechLoja,2025-01-25T02:33:56Z
8f2ccb78-3a5f-41fa-ae4b-5cee72bc53ee,3456789012345,1,TechLoja,2024-10-02T11:15:32Z
a4f2016e-dc07-4f77-b2ba-b6b890643cac,3456789012345,1,GadgetPlace,2025-11-08T21:06:03Z
061d506e-7b34-4039-b95b-6edadb213426,6789012345678,1,GadgetPlace,2025-03-07T15:50:15Z
e653e051-7bf5-4add-8a5d-baaf8fb091f8,4567890123456,3,GadgetPlace,2025-01-21T11:20:04Z
d2a5dd46-ff98-46f7-95a4-83ebdce18d94,3456789012345,2,GadgetPlace,2025-05-16T05:55:46Z
8786fc9d-8677-4200-bc49-e1323842486a,4567890123456,1,GadgetPlace,2024-12-14T11:08:18Z
85ae1dfe-62a2-4396-91a4-cf6364a7a9ae,7654321098765,1,TechLoja,2025-10-13T17:16:56Z
18dad312-6f8e-4ec7-a2cd-05220a752395,9876543210987,1,GadgetPlace,2024-12-28T22:19:44Z
25596d97-b5d8-4bf2-a3e8-9b4e44456b67,3456789012345,1,GadgetPlace,2025-01-13T08:56:23Z
80c86ad1-231d-47ad-9500-ce00a305b5d5,4321098765432,1,TechLoja,2025-05-23T14:54:31Z
eaf1975f-ff8a-4daf-a1a7-6cdae183d7e1,5678901234567,1,TechLoja,2024-10-03T07:16:32Z
1b403c57-3e00-44a2-888b-2024fa503010,3456789012345,1,TechLoja,2024-10-19T06:22:07Z
e6a5420b-d6a9-46a0-9015-173f4f48a50a,9012345678901,1,TechLoja,2025-10-05T13:00:33Z
72bd904c-4202-46d1-8545-88808b1dd41b,2345678901234,1,TechLoja,2025-02-13T17:58:57Z
6376a672-c263-45d6-9cb3-c179e6b3868d,6543210987654,3,GadgetPlace,2025-02-01T02:39:32Z
3b8f884f-0d6e-4af8-b49b-7073197c72bf,4321098765432,1,GadgetPlace,2025-02-05T17:16:35Z
cf6bf413-379c-4fb7-9c74-349766c1e7d1,8901234567890,3,GadgetPlace,2025-07-28T14:03:21Z
f6188fb5-fe28-4bbb-8c25-411af26f8d91,9012345678901,3,TechLoja,2025-06-17T05:33:08Z
f4db2d73-3296-4261-a11e-9ae86df466e7,7890123456789,2,TechLoja,2025-10-27T04:47:13Z
f2e6d012-76e1-4d4c-9e56-2af4513af1e1,3456789012345,1,GadgetPlace,2025-02-15T18:11:22Z
722b1b61-34f9-4c15-88a7-4aaa4db2aacb,6543210987654,1,GadgetPlace,2025-01-23T11:23:43Z
ce4af18e-f50a-46ef-8cb1-52e2a1981be5,8901234567890,2,GadgetPlace,2025-01-15T11:10:53Z
8d61369a-17f6-4c92-b79c-0ab003b5e29f,9876543210987,1,TechLoja,2025-09-11T13:50:48Z
f6b382dd-5e11-4529-9218-c3996507191f,7890123456789,1,TechLoja,2025-06-25T13:50:02Z
adf9ae9f-8b96-4a63-ad3e-a09bf75f7543,5678901234567,1,TechLoja,2025-04-11T06:23:38Z
daa8c09d-2843-4edd-a0af-22a929a0f84e,3456789012345,1,TechLoja,2025-09-11T22:26:15Z
a9eb20e4-fd1d-475b-a55b-c154f5a8d775,6543210987654,2,TechLoja,2025-06-17T17:27:10Z
f03b5a92-11c8-4f8c-88f0-3d0f70793ffa,8901234567890,1,GadgetPlace,2024-10-10T12:33:29Z
43e7774a-9887-4505-a479-aa712144ccb8,7654321098765,1,GadgetPlace,2025-09-02T06:39:29Z
b8bcb04f-8d4f-4782-b2b7-51df39833090,8765432109876,1,GadgetPlace,2025-09-30T02:40:42Z
3941ed5a-5478-45f2-a169-2c3667f6ec44,1234567890123,1,TechLoja,2025-02-20T20:17:28Z
fbfa5a04-7619-4a0a-9b33-edefcbda82de,9012345678901,3,GadgetPlace,2024-11-22T19:58:42Z
9abafaba-28b6-439c-ab88-4db4b719dac2,7890123456789,1,TechLoja,2025-04-07T03:08:32Z
26c3b751-933c-4e10-aec6-90d8b2406875,9876543210987,1,TechLoja,2024-12-29T15:37:38Z
0a0d6d05-2cc3-43fe-a63a-baaab16500ad,3456789012345,3,TechLoja,2024-12-24T13:21:31Z
778638ac-52a8-4df6-88f1-a22f4346db0e,6789012345678,1,GadgetPlace,2025-01-31T14:51:30Z
8ca90af0-3fab-4687-bb1b-15af24fb6004,9012345678901,1,TechLoja,2024-11-05T14:10:29Z
fa0058a7-3957-4386-a26f-4b7769d38794,8765432109876,1,GadgetPlace,2024-10-15T02:55:33Z
569ecff3-d091-4dbc-ac3b-8ab20a7adb7f,1234567890123,1,TechLoja,2025-09-23T07:03:32Z
6310be51-29c3-468e-81eb-1f7bfe41759b,9876543210987,1,TechLoja,2025-04-10T01:34:38Z
5e41055e-e0f8-40c0-bf14-1503249bc6c0,9876543210987,2,GadgetPlace,2025-10-23T23:33:11Z
3055a4b0-41c3-4f3f-8750-75fbc334cd61,1234567890123,1,GadgetPlace,2025-06-16T20:41:21Z
99c6ead0-3be3-4c88-bfd6-8a494a896b48,4321098765432,1,GadgetPlace,2025-06-23T06:50:56Z
70cab617-f3e3-4c2b-99c3-51d66549fc93,3456789012345,1,GadgetPlace,2024-10-25T02:14:20Z
f80c5d0f-51cb-48a0-9a4e-09a2771445b9,8765432109876,1,TechLoja,2025-09-14T00:29:56Z
3a44648f-d9a9-488d-9f8f-f333a25e05a3,3456789012345,1,GadgetPlace,2025-03-23T02:35:04Z
f3234f8e-3e03-4dbd-8406-73dca8a83f61,7890123456789,3,GadgetPlace,2024-10-17T10:59:01Z
6431a895-5379-4fb9-9e03-e50f96db9d40,8765432109876,1,TechLoja,2025-04-07T16:06:34Z
5e0e2aa4-2270-4526-bf1c-59822dbb79ad,9876543210987,1,GadgetPlace,2025-01-25T05:58:25Z
aca342c4-abb6-4842-a0d9-f2245bc3c2db,5678901234567,1,GadgetPlace,2025-04-25T00:46:59Z
04b650da-ddfd-49b6-be4e-25fddccf4638,5678901234567,3,GadgetPlace,2025-08-08T10:52:05Z
f257a9db-eeea-4423-9c90-7f88a383d80b,7890123456789,1,GadgetPlace,2025-07-22T00:57:27Z
a5e1ff82-cc81-45dc-8034-1f6451b7af99,6543210987654,1,TechLoja,2025-11-01T05:44:57Z
b6326a8f-2b9a-4110-bc4c-23648eb15aac,6789012345678,2,GadgetPlace,2024-11-24T14:09:34Z
c9bc2e8d-509d-4e72-b4d7-32ad20809353,6543210987654,1,GadgetPlace,2025-01-13T01:26:22Z
f6cd02e2-7b2f-450e-aae2-fd3d7df0702e,8765432109876,1,GadgetPlace,2025-07-13T12:13:35Z
257f9c65-2a69-4736-bf21-880c61e241a7,3456789012345,1,GadgetPlace,2024-12-07T14:47:15Z
c7bf5694-0e52-4803-821d-fc37f1995516,8901234567890,1,TechLoja,2025-10-17T01:06:38Z
bf827521-0586-43f0-ac1a-860efc06a854,3456789012345,1,TechLoja,2025-09-27T11:47:42Z
4f394936-b676-4e10-8670-354d246cdfcc,3456789012345,1,GadgetPlace,2025-02-13T17:34:33Z
1c160303-6efe-4aa7-8695-747c11e7c318,3456789012345,2,GadgetPlace,2024-11-16T02:07:00Z
543c96c4-3d59-4e92-b1ee-70c8284c3892,3456789012345,1,GadgetPlace,2025-03-24T18:07:00Z
834703de-bd01-4bb2-ad35-26443e25fdb4,2345678901234,1,TechLoja,2025-10-05T19:46:09Z
dc4b861e-6f41-422f-916c-13615963b6a0,7890123456789,1,GadgetPlace,2025-09-02T11:31:57Z
d848f94b-ba25-42ad-bb28-3a0e7e2cbf8f,2345678901234,1,TechLoja,2024-11-25T13:35:11Z
9ad06db3-8e70-4a52-b926-36e896515b20,3456789012345,1,TechLoja,2025-02-21T18:30:27Z
ec801ef2-d6b1-4b47-8d77-48c7d3856778,8901234567890,1,GadgetPlace,2025-04-08T12:05:07Z
0e068c34-3644-4c41-b8d8-0866f1131f23,6789012345678,1,TechLoja,2025-10-24T19:54:03Z
f2106639-6f64-4cbd-b215-a2306b9533de,3456789012345,1,GadgetPlace,2025-01-22T08:01:04Z
173c3ca5-8982-4324-9cf8-7485c6f0b750,8765432109876,1,TechLoja,2025-02-19T03:02:54Z
d5a6794f-b646-4fff-b6a0-cd3a9ec06de2,8901234567890,2,TechLoja,2025-04-17T01:19:58Z
aa0bafec-6593-4765-b66b-1201b5111303,6789012345678,1,GadgetPlace,2024-11-20T20:28:12Z
8297821f-8527-4f62-88f9-2f01a0e1aaa5,2345678901234,1,TechLoja,2024-11-11T14:30:10Z
734520f7-f343-4f05-a654-63b35f7ee241,4321098765432,1,GadgetPlace,2025-04-18T13:41:18Z
30572a00-0cf1-4bcf-bc5c-8d57eafb7b08,4567890123456,1,GadgetPlace,2025-06-25T03:47:25Z
221796f9-da8e-4356-85ff-1b53611649ff,3456789012345,2,TechLoja,2024-11-26T13:42:01Z
9f799c0c-f823-4c9a-9e2d-2a9d2ddeeaec,8901234567890,1,GadgetPlace,2025-02-06T21:57:11Z
6e908439-b9ea-4c2a-8f19-b67d6810592d,9012345678901,1,TechLoja,2024-12-20T03:39:11Z
d9529c8f-f211-4580-84c4-aac6eccf6961,4567890123456,1,TechLoja,2024-11-04T06:29:58Z
c36f9276-4ac9-4a4c-a39c-31b90a6222fd,6789012345678,2,GadgetPlace,2025-08-27T06:24:14Z
0264bd63-202f-45df-abae-87e1998ab4b6,9876543210987,1,TechLoja,2024-12-11T01:59:06Z
0ae5beff-084a-4b11-888d-7140fe7170a9,3456789012345,1,TechLoja,2025-03-20T11:55:49Z
5b1e5518-940d-4f13-93bd-295477a21793,3456789012345,2,TechLoja,2025-03-23T20:20:42Z
67f48192-b553-41ca-b872-7d61e5a23243,9012345678901,1,TechLoja,2024-11-05T01:16:24Z
57ae5ee2-094f-42bb-99ce-8a1d4c4e01c7,1234567890123,1,TechLoja,2025-07-23T18:56:15Z
953c173d-3557-432c-8ddc-81d5e344d99e,3456789012345,3,GadgetPlace,2024-10-08T21:48:15Z
a9c7c551-5aa1-4f6f-9e29-3950de48d86a,5678901234567,1,GadgetPlace,2024-11-29T05:08:58Z
85ca569c-bcde-4f30-9401-453a3b89c129,5678901234567,1,GadgetPlace,2024-11-17T17:13:37Z
a1f8af89-5988-45ac-b55f-53fa97d07d67,8901234567890,1,GadgetPlace,2025-08-21T02:40:16Z
2146c110-1507-40ea-83b7-de108a991dce,1234567890123,1,TechLoja,2024-11-06T23:24:30Z
c74ca6b7-0052-4767-ac46-fb8ef82ecbb3,7890123456789,2,TechLoja,2025-02-04T04:32:59Z
21e21273-9eb5-4fcf-b3e6-99ee70a218ed,4321098765432,1,TechLoja,2025-02-08T09:16:00Z
6e541441-e23d-43b9-bd05-3c0c6e9df1e0,5678901234567,1,GadgetPlace,2024-11-12T18:28:41Z
9fff5f34-df24-490b-9109-76ee3567b8c5,1234567890123,1,GadgetPlace,2025-08-12T12:48:30Z
a79e711c-4fa4-4d36-ae82-d03048ebf4d1,6789012345678,1,GadgetPlace,2024-10-29T15:14:59Z
38cd573d-2ae8-44b2-8e88-cbdefa1dab66,5678901234567,2,GadgetPlace,2025-01-15T04:43:49Z
76b028fa-c5cd-45eb-9d15-6fe2290d6599,8901234567890,1,TechLoja,2025-07-27T04:03:32Z
04b1582d-ee0b-4b51-91d5-97009fa1043d,7654321098765,1,TechLoja,2024-12-11T12:42:34Z
a143fa60-9c25-427d-b1a4-1d8adec19587,7654321098765,1,TechLoja,2025-09-01T08:23:33Z
950db7a9-5237-4e97-9ca5-1fb6807b6e6b,8765432109876,1,GadgetPlace,2025-05-31T16:04:37Z
263d6939-1e34-468d-93a5-d6c64c482e3f,4567890123456,1,GadgetPlace,2025-06-18T00:18:10Z
b31cc821-1352-4a71-bf11-9558c7f5cdd6,8765432109876,1,TechLoja,2025-02-16T01:32:45Z
29289199-8476-4dc0-b67f-8aad3657485a,9012345678901,1,GadgetPlace,2025-03-19T23:10:53Z
e3133915-3a71-4ed9-b6fe-e037455619d9,5678901234567,1,GadgetPlace,2025-08-03T09:47:01Z
d4babb8c-f8aa-4097-a2d0-60bff4a2297a,3456789012345,1,TechLoja,2025-10-19T21:22:52Z
5135b13f-b132-4c59-988e-2c3d86381bf4,9012345678901,1,GadgetPlace,2025-07-18T02:16:39Z
584f9bff-a782-4ae6-bdf1-f466840e16b1,6789012345678,1,GadgetPlace,2025-04-29T20:08:44Z
8c4d22b5-4719-4510-978b-1107f761ab27,4567890123456,2,TechLoja,2025-09-25T21:42:56Z
4d50a906-370f-4ec6-ad73-ac18b1030548,6543210987654,1,GadgetPlace,2025-01-30T04:57:51Z
c78343a9-81f4-4a87-904b-fce4ff4859a5,7890123456789,2,TechLoja,2025-03-29T15:42:50Z
9c4c6437-7595-4332-b312-992a643b6017,9876543210987,1,TechLoja,2025-06-24T14:33:03Z
da825a07-691a-4e11-9542-b69900170e61,3456789012345,1,GadgetPlace,2025-10-05T08:25:06Z
1f3f8396-5596-469f-bfcd-eceadbbe8756,9876543210987,1,TechLoja,2025-05-13T04:36:42Z
73fbb4c2-d6ff-4dae-be33-2ea69259abf5,3456789012345,1,GadgetPlace,2025-08-09T13:04:34Z
789e12e9-206a-4733-8cb2-02d8f8ad0cdd,9012345678901,1,TechLoja,2025-05-29T14:09:47Z
8a5ab37f-2be3-477a-b7a7-b4d374e6c6f5,6543210987654,1,TechLoja,2025-05-21T06:29:44Z
d5091f00-68e3-4802-8a51-a48eeb77cf9b,9876543210987,1,GadgetPlace,2025-04-09T18:25:10Z
c2aa896f-5237-45e4-9bac-9d696398ffb2,5678901234567,1,TechLoja,2025-03-24T08:25:53Z
9f80b1b3-fb8f-410c-8ced-92d791d13d00,9876543210987,2,GadgetPlace,2025-06-14T15:27:15Z
18a8a76d-beff-4f4f-b3e7-641e8b534ca5,5678901234567,2,TechLoja,2025-10-12T00:21:17Z
55acf01f-0804-40c0-bc65-e1f1efabb356,9012345678901,1,GadgetPlace,2025-10-30T04:48:01Z
6e32a931-6051-46d7-83c4-235f48de824b,7654321098765,1,GadgetPlace,2025-07-14T07:37:52Z
93377af6-9095-4cd5-90c5-576bdc0db607,4567890123456,1,TechLoja,2025-04-06T10:34:22Z
5c5dbc61-50f1-408b-b481-6133dfaa3929,8765432109876,1,GadgetPlace,2024-12-23T07:53:58Z
b89e4381-6b2d-4ba2-b307-ec69df41e1b9,8765432109876,2,GadgetPlace,2024-11-07T04:44:43Z
8fbba3f4-73ac-46cc-8941-306fd343f47f,3456789012345,3,TechLoja,2025-10-17T05:22:26Z
f540d2cf-cfb8-4fb4-828b-b9d17ec9a786,1234567890123,1,TechLoja,2025-09-26T13:58:26Z
d8e822f6-8562-4310-a25c-9a376fbfd62c,4567890123456,1,TechLoja,2025-10-11T07:37:37Z
0cd0bad4-8169-4be6-b6ce-d9944986da76,3456789012345,1,GadgetPlace,2025-04-11T03:43:00Z
1721b386-2a33-4306-849c-a41859a9385f,6789012345678,1,GadgetPlace,2025-07-23T18:53:29Z
a953cf22-b9bd-4f70-abb7-d37489ac8ed5,5678901234567,1,TechLoja,2024-12-01T19:12:44Z
e2af269e-a869-4342-85c5-39a397faaddf,6789012345678,1,GadgetPlace,2025-04-22T03:05:14Z
0e0c52c2-a4ab-4a01-9083-a0a9781c519d,8901234567890,1,TechLoja,2024-11-14T18:19:14Z
d7ee9752-1fc0-4403-b2af-a336bb84d782,4321098765432,1,GadgetPlace,2025-03-06T22:17:08Z
b89065b6-4816-4304-9e4f-dd838bd6a8dd,4567890123456,1,GadgetPlace,2025-05-08T18:21:48Z
6bd2c9cc-d193-4345-a709-f5ed9d51b099,4567890123456,2,TechLoja,2025-06-04T01:13:43Z
a106f188-890b-4a9a-be48-5f2da9a9e5e6,3456789012345,2,TechLoja,2025-06-18T13:37:19Z
34346cdf-7c73-4222-86b3-98bcaf747bdf,1234567890123,3,TechLoja,2025-08-03T06:03:29Z
921d45bf-4cb5-46f8-977d-9a464d1a9550,6543210987654,1,TechLoja,2024-12-14T15:59:49Z
1331fa46-05e8-4574-b9eb-eb44cada6ad4,3456789012345,1,GadgetPlace,2025-03-04T13:01:49Z
b6c82011-57b3-44c7-918d-d0125bcb530b,3456789012345,1,TechLoja,2025-10-24T09:04:21Z
446fedfe-ff00-428f-8cb1-82876c44f7ec,1234567890123,1,GadgetPlace,2025-07-31T18:32:55Z
e87e0fd9-3c8c-4f5c-b5db-0f75bfea391e,6543210987654,3,GadgetPlace,2025-07-07T21:17:36Z
aba399ff-ac9c-4501-9489-9b485feb07d2,4567890123456,1,GadgetPlace,2025-05-03T05:36:27Z
3163d128-2ab6-4c14-959d-f0c3dcbfd62f,8901234567890,1,GadgetPlace,2025-09-21T15:43:51Z
6c697f97-b97e-44a6-98a1-c9862732be43,3456789012345,3,GadgetPlace,2025-03-29T02:24:24Z
91874265-3998-4bb8-9234-54b10eff4cf3,3456789012345,1,TechLoja,2025-05-13T16:02:44Z
351f6d49-07a5-4d17-bc9a-59bdff16dc8a,8901234567890,1,TechLoja,2024-10-22T17:03:33Z
50cf4955-7608-47e7-a05b-c1e19273295d,6543210987654,1,TechLoja,2025-05-21T00:15:23Z
86b70f70-cffd-45d1-a603-7de9e74e1a7f,9876543210987,1,GadgetPlace,2025-05-25T06:41:44Z
ff9917ac-17a1-4d48-a350-d80e86062113,3456789012345,1,TechLoja,2024-10-29T00:19:01Z
9bcbfc27-883b-4c53-8abd-5cc0532d17e6,9012345678901,1,GadgetPlace,2025-10-12T04:59:09Z
1d7872c0-26c8-4f07-8f12-f79e20832afe,3456789012345,2,TechLoja,2024-10-31T18:28:09Z
bcda727f-10f9-45f1-909b-b60131ba85b9,7890123456789,1,GadgetPlace,2025-08-02T11:05:51Z
d66e11a3-f7ce-4f96-8f0f-1527f8ac3385,1234567890123,2,TechLoja,2025-03-25T05:41:25Z
a2a820b4-1371-43b0-98d7-089dd8671cd1,8901234567890,3,TechLoja,2025-07-10T20:04:51Z
5efcfd3b-2d48-4cfc-959a-ed39a78660d6,6789012345678,1,GadgetPlace,2025-09-08T17:34:10Z
c8a89e2c-7b0d-4387-8965-6b776a5bd760,3456789012345,1,GadgetPlace,2025-08-20T16:05:34Z
c57ae2f8-f484-4184-83b2-16a9c99310b2,4567890123456,1,TechLoja,2025-01-18T20:54:27Z
a91bc922-c37f-4ba8-b96f-2a8c96f9e293,9012345678901,1,TechLoja,2025-05-27T23:19:02Z
68735b01-5ef7-473a-b127-b9c7b18d53b7,7654321098765,1,TechLoja,2025-07-13T02:20:23Z
08b591fd-e127-4f66-8661-d98c65148faf,9012345678901,1,GadgetPlace,2025-03-25T13:33:01Z
321fb335-28b4-473b-9845-bd3c063ed04b,7890123456789,2,GadgetPlace,2024-11-11T06:31:31Z
78887254-6eb6-4200-a9f3-98455ae0d122,3456789012345,1,TechLoja,2025-05-20T06:42:52Z
180f73a2-4df8-4ad3-a3e6-491b0bf2d3f0,5678901234567,1,GadgetPlace,2025-10-05T18:37:03Z
8f39b321-297f-4d69-bc9f-d5d6fe7999a9,2345678901234,1,TechLoja,2024-11-29T08:22:29Z
f4b65136-86d8-4115-b890-50576a0eb899,6789012345678,1,TechLoja,2025-03-18T12:56:12Z
bf61a818-4808-49c2-85f9-307eb548533b,3456789012345,1,GadgetPlace,2024-10-02T00:56:21Z
804a8493-9b11-4729-bba7-7ae53c9a5182,7654321098765,1,TechLoja,2025-03-02T10:56:27Z
150bb36e-32a8-47c0-b802-9f05816b8cbd,2345678901234,1,TechLoja,2025-10-23T00:33:22Z
99804170-fe87-4e37-b0bd-4a89c4433feb,8765432109876,3,GadgetPlace,2025-10-01T16:15:21Z
540c53e3-1e05-49bf-b187-eb6f06944e90,6789012345678,1,GadgetPlace,2025-04-30T03:19:55Z
f4141166-c2ec-4e29-acda-ea5ff8446088,9876543210987,1,GadgetPlace,2024-12-10T03:27:23Z
bab82789-9570-4bff-bd35-12ea004f7f99,4321098765432,1,GadgetPlace,2025-06-13T09:41:50Z
e4a63197-8bba-436e-ab75-fa7c03c902ed,7654321098765,1,TechLoja,2025-03-03T07:28:21Z
67dafece-19a0-426d-916e-150f08b100f7,7890123456789,1,GadgetPlace,2025-08-28T23:32:35Z
b32610ee-b165-49e0-ac44-93eb4c4d0319,9876543210987,1,TechLoja,2025-02-09T13:44:50Z
dd1b9e9a-5c77-4f41-82b9-59aab6633e56,3456789012345,2,TechLoja,2025-04-16T08:18:00Z
4cda9b78-0ff1-4c16-bb13-db19098c6107,4567890123456,1,GadgetPlace,2025-01-22T01:01:44Z
8ce65c56-fcee-46de-a727-b072bb176483,5678901234567,1,TechLoja,2025-03-04T17:20:29Z
b8ae158c-1acb-47d8-a5b5-98140ddbc2aa,3456789012345,1,TechLoja,2024-10-10T03:32:46Z
9fd9d603-f45d-4e26-8de4-5dae6f84629d,7890123456789,1,TechLoja,2025-03-29T17:07:32Z
dc8af597-2321-4ec2-a298-7c5542ebf4ae,8901234567890,1,TechLoja,2025-01-16T00:54:06Z
77ba2d8e-5c6b-4a30-bba7-dd2a5e5b5a91,8901234567890,2,TechLoja,2025-02-07T15:17:23Z
53fba365-0304-40fa-873e-a32f1b77326c,2345678901234,1,TechLoja,2024-11-21T03:09:55Z
a20cc393-f441-4285-8f3d-d38bea9c4433,6543210987654,3,GadgetPlace,2025-04-15T21:43:38Z
84832131-8800-4312-aaa4-d6ea852c0df5,5678901234567,1,GadgetPlace,2024-11-22T00:44:13Z
1a0ea34c-867c-411d-b23e-97004a8cf6f3,8765432109876,1,GadgetPlace,2025-06-05T00:03:33Z
8bd577ee-8373-425a-86ec-d217221aea3a,3456789012345,1,TechLoja,2025-04-07T20:31:53Z
c2411cf7-8b1d-4dcb-89ff-0bf0e8bebe97,6543210987654,1,TechLoja,2024-10-21T08:37:28Z
4db77473-a810-4ae5-84d0-1f6039c310d6,9876543210987,1,TechLoja,2024-12-26T19:22:30Z
5de03582-bd90-4f15-adb4-6397a97c65a9,6543210987654,1,TechLoja,2024-11-06T06:41:24Z
c82e0a35-8645-4d5a-935c-d0598cc5ad95,7654321098765,1,GadgetPlace,2025-10-11T04:41:45Z
709074a8-2df3-4dfb-99ef-640292d8ed69,4321098765432,2,TechLoja,2025-02-17T19:05:21Z
965ef2f9-10e5-4d3c-ad99-80e6d445b04e,1234567890123,1,GadgetPlace,2024-10-09T21:17:02Z
03bd6ca3-5bf7-4c4d-9994-f760baf2b4e4,9012345678901,1,GadgetPlace,2025-04-30T09:48:19Z
5e90432f-4594-4e64-9a8a-2247b95edea2,4321098765432,1,GadgetPlace,2025-05-18T22:53:00Z
d8c07544-567f-4e01-b2ef-b30f7a5c1f30,4567890123456,2,GadgetPlace,2024-12-09T17:40:35Z
6ab3549f-e252-4431-8bca-802782230e88,8765432109876,3,GadgetPlace,2024-10-02T14:40:50Z
d550d14c-5dc2-4d91-895a-a7faa5ae8fbc,9012345678901,1,GadgetPlace,2025-11-01T21:38:27Z
e19c78fa-d437-4d4e-a656-f845190cd761,4567890123456,1,TechLoja,2025-05-28T21:14:56Z
0497ea5c-42f1-4b6f-9b57-b1460e3c83e0,4321098765432,1,TechLoja,2024-11-30T15:36:13Z
d1fc306e-ce2c-4020-b414-50fe40d8eddd,9876543210987,2,GadgetPlace,2025-03-13T21:05:24Z
fd1ca257-ae7f-4fcf-9da7-2a752befcd17,5678901234567,2,TechLoja,2024-11-05T17:26:37Z
1260fab1-240e-4e39-b589-51a4f07c3c57,4567890123456,1,TechLoja,2025-06-12T16:36:24Z
e5ee41e4-8cb6-446a-83e8-c248a234ac13,9012345678901,1,TechLoja,2025-05-23T05:10:20Z
f9aad69e-afb0-4ab7-afda-820a45fbef8a,8765432109876,1,TechLoja,2025-04-16T02:49:43Z
d9474724-50a0-4fe5-9d53-0213fbf270fe,3456789012345,2,TechLoja,2025-10-01T23:44:58Z
e6ef922d-5a59-4f8b-90d5-4c3a12235c23,4567890123456,1,TechLoja,2025-04-14T23:43:47Z
c03de370-ac45-47f9-b726-540d0db8da60,7890123456789,1,GadgetPlace,2024-11-21T14:32:17Z
1e266344-ff95-4f58-8f1e-f697e074a67f,2345678901234,1,TechLoja,2025-03-14T19:00:53Z
ef4cce1b-2bab-4015-b0e6-505a8f514c31,3456789012345,1,GadgetPlace,2025-06-28T00:22:17Z
cce2d39d-d059-4387-b054-aa5f30947c7b,5678901234567,3,TechLoja,2025-07-30T05:55:43Z
e5a081b5-0caa-4cab-bbae-b09d115b9d37,5678901234567,1,GadgetPlace,2025-07-17T19:25:58Z
7b201575-b290-41d3-99ee-22de2f89ed7b,7654321098765,1,TechLoja,2024-11-04T17:27:28Z
b43aae3c-9799-47cf-8dbd-05d5e36e3aa2,6789012345678,1,GadgetPlace,2025-11-04T06:12:27Z
437504d2-5958-450b-8a91-e4ba6a5feace,9876543210987,1,TechLoja,2025-09-25T00:44:19Z
9f5ba6ac-a2e7-4235-85de-9887ef9094c4,1234567890123,2,TechLoja,2025-02-26T13:26:18Z
8e05f626-5778-4914-9f0f-6aa209cc0a6d,9876543210987,1,TechLoja,2025-06-06T23:36:56Z
c767f513-bedf-4e3f-8831-a9d167b4815b,5678901234567,2,TechLoja,2024-12-30T20:35:18Z
ca53305c-0cf6-48a2-bf28-4d116f51b370,6543210987654,1,GadgetPlace,2025-05-15T14:52:40Z
1ac14efe-89df-4fa9-87f7-f32349571905,4321098765432,1,GadgetPlace,2025-05-14T03:39:12Z
ddc8cd35-8818-47d9-a3a9-b6ae824c5ce8,2345678901234,1,TechLoja,2025-09-18T01:34:04Z
6cd80c16-fa89-4046-861b-6bdd1421cb8d,6543210987654,1,TechLoja,2025-08-22T08:05:00Z
79391c6a-0393-4dad-9d24-faec4f9e21a8,3456789012345,2,TechLoja,2025-06-12T10:06:18Z
6b54ccb0-1f0c-4004-a4c2-a10da15e35ca,8901234567890,1,TechLoja,2024-11-02T23:58:17Z
0c586667-ee74-4f6e-bf34-5ee51aeb83d6,7890123456789,1,GadgetPlace,2025-01-02T14:37:47Z
8a4642c8-027b-496c-b3e6-90b26266a8b5,2345678901234,1,TechLoja,2025-02-20T12:33:46Z
d907074c-9ce7-4901-8d45-c2a858308baf,6543210987654,1,GadgetPlace,2024-11-11T12:30:52Z
ddebcc44-a6ad-4f44-87d3-781bbebbd0f8,9012345678901,1,GadgetPlace,2025-06-20T21:03:27Z
bb540f96-6f2e-497c-88a4-761f9915f11c,5678901234567,2,TechLoja,2025-09-11T16:17:21Z
8eafa928-6fe0-4d9f-b175-ad4886fa4a53,6543210987654,1,TechLoja,2024-10-03T20:52:50Z
fd0896f5-5986-42a5-8aa5-e405396eadd8,7890123456789,1,GadgetPlace,2025-10-25T15:58:36Z
006cff19-af9a-4da4-8171-955658022277,8901234567890,1,TechLoja,2025-05-19T18:53:46Z
35e4cc7c-4487-4a7c-95af-508543a310e8,6543210987654,3,GadgetPlace,2024-11-04T06:42:44Z
18961e16-7bee-43dc-ac44-d571d5d4476d,8901234567890,2,TechLoja,2025-02-11T23:29:23Z
de5f0ff3-e638-4324-9d1c-cbf832e3e5f7,4321098765432,1,GadgetPlace,2025-08-29T22:07:27Z
55db1273-e8fb-4d93-a6dd-b350f4c2fcd8,9876543210987,1,TechLoja,2025-01-27T17:18:03Z
e53b68cc-e29a-427a-8d81-f734fbee8382,2345678901234,1,GadgetPlace,2025-11-07T21:23:59Z
47bfc3a7-3ebd-4499-bb77-05ebfe848d92,3456789012345,3,GadgetPlace,2025-05-01T11:42:43Z
e2b078ee-851a-47c0-9dfb-76a7cb0502cf,5678901234567,2,GadgetPlace,2025-04-24T02:37:50Z
acd89dcf-74fc-4930-89cb-0b19d5cb33a8,1234567890123,1,GadgetPlace,2025-09-07T08:59:15Z
80417f49-527f-4242-9568-bba8cb179584,3456789012345,2,TechLoja,2025-01-05T06:17:50Z
4b25ac27-58cd-45b9-99a5-3716bd966294,9012345678901,1,GadgetPlace,2025-04-05T02:57:35Z
d56590d1-5853-4763-96a0-931bafbeeea4,6789012345678,1,GadgetPlace,2025-03-17T23:44:18Z
65452270-78f8-4144-983e-4a6bf0ae00c7,6543210987654,2,TechLoja,2025-08-30T10:35:10Z
31af2688-23c1-4e15-8c15-b298f63c1845,8765432109876,1,GadgetPlace,2024-12-16T01:22:55Z
fce0a95a-3145-41aa-8d6c-1afca98ba060,6543210987654,1,TechLoja,2025-04-11T02:50:48Z
1de7f124-9a94-4979-ae3f-b0f3d2f0e799,7890123456789,1,TechLoja,2024-10-06T08:42:41Z
6e47a86f-3856-4c74-a237-9fa2437ba228,6543210987654,1,GadgetPlace,2025-02-28T01:04:42Z
a5ce9413-72fa-45c0-948b-807790182a5a,7890123456789,2,GadgetPlace,2025-07-21T16:20:20Z
2f7e71a4-8bc3-49d4-9eac-ec297480a4fe,2345678901234,1,GadgetPlace,2025-10-14T08:56:49Z
538b642a-bee9-4ad4-b5f7-55ed3add9279,7654321098765,1,TechLoja,2025-02-21T19:02:43Z
723e87e3-5ae7-4028-9483-6c6420fd9075,8901234567890,2,TechLoja,2025-10-20T12:11:40Z
32f65d48-2e70-4a8c-ac4e-0849097785eb,5678901234567,1,TechLoja,2025-09-12T19:58:45Z
93e9eb51-ef66-4047-b875-4a78349ca631,7654321098765,1,TechLoja,2025-05-17T17:59:22Z
f578264e-59d8-405e-92c6-171ef5785df5,1234567890123,1,GadgetPlace,2024-10-09T06:59:42Z
995e3097-4953-46f8-be0a-cea5d2510dd2,8901234567890,2,GadgetPlace,2025-05-07T13:25:33Z
62f96996-3868-4321-884c-cb3ab9db132d,4321098765432,3,GadgetPlace,2025-03-06T14:40:41Z
1a5e7520-dc1f-483a-b04d-96ec949e20ed,8901234567890,1,TechLoja,2025-04-28T22:39:00Z
a462ce7a-7092-4c29-8771-2ee887b1e032,8765432109876,2,GadgetPlace,2025-04-01T20:08:59Z
6c3b9003-be45-4bf4-be73-2844bab82bd7,1234567890123,1,TechLoja,2025-09-25T08:09:14Z
820f9c20-0c15-4011-af79-0eb291f18f84,8765432109876,1,TechLoja,2025-10-27T03:22:03Z
f5295b2a-f501-49f1-80c9-b2fbe03b6aed,5678901234567,1,GadgetPlace,2025-09-02T23:08:59Z
2850e3e5-7cfd-42e9-bd50-c1832f16c15e,7890123456789,1,TechLoja,2025-06-29T00:25:35Z
2ac7b46d-cbda-476c-ad1d-d6317f318afc,4567890123456,1,GadgetPlace,2025-05-11T01:55:33Z
d97345c3-ed7c-45a8-a490-55aeb009597b,9012345678901,1,GadgetPlace,2024-12-06T14:58:51Z
1473bbfc-8850-4d7d-be65-85237b70ebd6,5678901234567,1,TechLoja,2025-05-14T06:30:17Z
511f53b5-b4d8-4d45-93f7-ca78e910a4e2,8901234567890,3,TechLoja,2025-02-16T21:58:08Z
5fd2a0df-6dc0-401f-a985-97ea4a25480e,9012345678901,2,GadgetPlace,2024-11-17T14:18:09Z
f4b3f914-4cfa-4c63-97b9-3aa2fbac4611,1234567890123,1,TechLoja,2025-01-23T07:44:24Z
02bff7ce-9586-436d-b903-c7f58f162925,7654321098765,1,GadgetPlace,2024-10-29T22:42:18Z
67b93df0-a6e2-49b8-94a3-bcef2303deae,3456789012345,2,TechLoja,2025-06-03T13:51:30Z
d739bdd1-d144-40ac-866a-354ecd6e9fea,9876543210987,2,GadgetPlace,2025-03-01T16:23:08Z
4bffe8f5-d2bf-43bf-9b3f-c585a37c3432,7654321098765,1,GadgetPlace,2025-10-22T08:56:06Z
57732e18-201a-4664-be51-5192de751b4e,5678901234567,1,GadgetPlace,2025-04-27T21:08:44Z
6d3f6424-ecfa-4a02-93df-e923a8d1e4cd,5678901234567,1,TechLoja,2024-12-14T13:05:27Z
82f3249f-b2c0-440c-a50b-3bb67261b7c3,6543210987654,1,TechLoja,2024-11-22T04:45:25Z
b68c191e-03d5-4e29-9c4d-c405eb32ab0d,4321098765432,1,TechLoja,2025-07-06T13:54:50Z
134c1d67-0d2a-464a-bbcf-9fae84c4636c,7890123456789,2,TechLoja,2025-03-15T05:15:30Z
3e7327e1-d423-45f2-ae09-d6b2ccb4032f,8901234567890,1,GadgetPlace,2024-12-05T02:04:09Z
377969a5-dbe5-47a0-afdb-ddeb846f5172,7890123456789,1,TechLoja,2025-04-16T22:50:12Z
5ad8344a-8e34-4e2c-a7a8-b86585c0d594,3456789012345,1,TechLoja,2025-10-02T09:49:21Z
60abbf99-48e8-4e5d-9b5d-c2fe167dede8,4567890123456,1,TechLoja,2025-04-23T19:36:56Z
470e289f-9298-45cb-8037-552a24ee3301,9876543210987,2,TechLoja,2025-10-14T02:41:51Z
12b8c1b9-bb93-4ff0-a890-ef85a88852c7,6789012345678,3,GadgetPlace,2024-10-18T23:12:34Z
db642e87-c310-475c-9680-4467e044e1b4,9876543210987,1,TechLoja,2025-03-13T06:35:01Z
067713cb-04fd-467f-a681-6a4395234ef9,5678901234567,3,TechLoja,2025-01-30T05:45:16Z
6f48cba4-1e43-4aac-bcb4-c4f57f213a6a,9876543210987,1,TechLoja,2024-11-06T14:40:00Z
84f6db0d-82e7-448e-a474-4270995a80c8,4321098765432,1,GadgetPlace,2024-11-21T20:04:08Z
14e8d669-afb5-4d75-90fa-aafb7dc0ab5b,9012345678901,1,GadgetPlace,2025-02-16T18:33:22Z
bb3eee2d-1966-419a-85f7-74733cf9d204,6543210987654,1,TechLoja,2025-09-03T04:07:37Z
3d7b8a47-4c51-47aa-9ba9-bf626e40c281,9012345678901,1,TechLoja,2024-10-01T23:12:23Z
ca97db7b-fe3b-48dd-a3b9-df8037a3316d,9012345678901,2,GadgetPlace,2025-10-18T03:51:15Z
8239589e-0e0b-4f84-9c2c-083668ab1aae,4567890123456,1,TechLoja,2025-02-01T02:25:51Z
c03d78a7-d3ec-4d3b-a91d-0c1047743646,6789012345678,1,TechLoja,2025-07-27T01:12:43Z
4e2920ff-34e7-4578-af45-a806d28d759f,3456789012345,2,GadgetPlace,2025-07-02T21:39:57Z
a2d23e29-303b-4d66-99f1-7ce4063d99bf,8901234567890,1,GadgetPlace,2025-08-15T20:35:58Z
3a631cb9-276d-4bc7-9bba-a405d95be3ee,7890123456789,1,GadgetPlace,2024-11-07T05:09:09Z
dbf5ac73-a49a-496a-844d-6f7cb3541b92,4321098765432,3,GadgetPlace,2025-04-04T00:43:38Z
1eeccea8-b089-4e4a-aa19-9dbc116987e7,4567890123456,1,TechLoja,2025-05-23T21:40:08Z
d2e37e18-83fd-4921-82c5-a6ff080db654,3456789012345,1,GadgetPlace,2025-01-29T06:15:23Z
23825f59-ae20-463c-9ed9-6490efa6d1be,3456789012345,1,TechLoja,2025-02-20T16:45:35Z
cad7854a-c0b2-4219-87d8-4e56e67e6931,8901234567890,3,GadgetPlace,2025-08-27T12:01:11Z
2a8d7e50-ded1-4261-b402-2afe29bf174c,2345678901234,1,TechLoja,2025-04-30T14:58:09Z
9cec043d-165f-477d-9863-9972f30d1a6b,8765432109876,1,GadgetPlace,2025-02-08T23:08:44Z
c084da13-c1d8-49c9-8e00-40865e28bbf2,7890123456789,3,GadgetPlace,2025-02-27T22:11:08Z
eb49dfa8-b464-4845-b1a3-90c3ec10355e,6789012345678,1,TechLoja,2024-12-04T10:50:56Z
9be40b2f-8a0b-4518-85fa-3ccc098fa494,9012345678901,1,GadgetPlace,2025-10-13T21:07:20Z
a24f037b-8ec3-489d-8d8d-7ab1872b348e,9012345678901,2,GadgetPlace,2025-05-27T23:44:38Z
753af443-3554-4bd6-95e7-7852f39503f5,2345678901234,3,TechLoja,2025-04-11T23:18:43Z
b51c9d68-dacd-4ff6-99c9-187186b2f2e8,1234567890123,1,GadgetPlace,2025-06-22T21:26:01Z
814b8327-fb64-4fac-8031-911ab9799110,3456789012345,3,GadgetPlace,2025-01-23T03:06:27Z
f3a584fa-4170-4a27-8768-f70d7a120c54,9876543210987,1,TechLoja,2025-09-02T17:25:34Z
41196701-d58d-42cd-b9d7-3c82710e90e5,5678901234567,1,GadgetPlace,2025-01-30T07:22:03Z
819c962b-175d-4db0-bc11-34d37de60dc9,9876543210987,1,TechLoja,2025-04-05T10:43:51Z
5aa26959-b4ec-41e1-8733-a30dd0283746,5678901234567,2,TechLoja,2024-12-26T05:12:40Z
a178be55-c381-4220-ad30-067ebf530deb,8901234567890,2,GadgetPlace,2025-06-28T18:30:58Z
88a7b4a5-befb-4ce2-8bbc-92d4906ac3fd,2345678901234,1,GadgetPlace,2025-09-28T17:43:47Z
92caa368-7a1a-4bc6-883c-cf70e9977655,9012345678901,3,GadgetPlace,2025-03-02T19:17:11Z
8ee3e672-b338-472a-b0ed-4f2c0e6ff3df,1234567890123,1,GadgetPlace,2025-02-02T02:27:23Z
5c515404-e362-48bf-8edc-004812dfb89d,4321098765432,1,GadgetPlace,2025-06-14T11:52:08Z
53f1420d-943c-4f88-b5ee-327fd15a4a8c,8765432109876,1,GadgetPlace,2024-12-17T05:48:55Z
7ca29a96-cfa3-4d56-a001-ab068ce74afe,9012345678901,1,GadgetPlace,2025-10-16T12:48:16Z
ee53d68f-a0cf-4d60-9032-226bcaf50b9a,5678901234567,3,GadgetPlace,2025-05-01T05:32:35Z
ba44d8db-6554-4071-8f76-6fca35c66687,4567890123456,1,TechLoja,2025-02-28T17:38:07Z
1f54aa46-aaef-415e-9c85-196370de4367,9012345678901,3,TechLoja,2025-09-21T15:11:52Z
530ff165-f0a7-4dec-bd35-5bf312dc0509,6789012345678,3,TechLoja,2025-05-13T09:10:14Z
12c75b43-127e-4d51-8106-b63988fe80f7,5678901234567,1,TechLoja,2025-09-22T04:17:27Z
ba70d9b0-d6c6-4619-bf2f-100fcafed20f,5678901234567,3,TechLoja,2025-09-30T09:53:05Z
ded5fea1-ecb2-41f2-a157-ba9f1f2f79f9,4567890123456,1,TechLoja,2024-10-01T23:46:28Z
370d0743-f449-4f02-b289-b7e656cf4f68,9876543210987,1,GadgetPlace,2025-11-03T11:17:11Z
4c079638-8752-4462-a61f-fc1d13bf30bc,3456789012345,2,GadgetPlace,2025-06-23T11:51:04Z
30f9663d-4145-4b23-a466-1ca5a04f67c4,8765432109876,1,TechLoja,2024-11-19T00:39:49Z
3e4656d5-4b29-4d7f-b002-f036e2f6ec88,3456789012345,2,TechLoja,2024-12-21T06:15:03Z
b7a58eb5-7d8e-4974-a9d3-ba916c50cee7,4321098765432,3,TechLoja,2025-01-10T08:07:02Z
c8da446e-f8c2-4a5f-8449-27c67704209b,9876543210987,2,TechLoja,2025-08-19T07:28:41Z
988cf3ab-04f9-41c0-9ab2-fc9f8f39d1d0,8901234567890,3,TechLoja,2024-12-16T23:47:33Z
c28364b7-98ed-4a95-a27c-42b9e740bef9,2345678901234,1,GadgetPlace,2025-02-19T20:10:41Z
384f9b52-014a-46df-9faf-dda4ea5af2a4,6789012345678,1,TechLoja,2025-01-07T17:07:19Z
cd6a3634-9555-4c0b-af8f-14bd98109d82,3456789012345,1,GadgetPlace,2025-07-30T11:08:07Z
4b85d75e-da36-48f9-8a5e-fe97110e0b6b,9012345678901,1,GadgetPlace,2025-03-31T04:37:05Z
d314300f-7f45-4018-b4d7-d14f375bfac2,8765432109876,1,GadgetPlace,2025-01-03T07:40:15Z
cba61538-313f-451b-ae19-77756b417934,2345678901234,1,GadgetPlace,2025-08-08T08:48:11Z
49b9ef15-be05-4ab9-843d-c4900959c447,8901234567890,3,GadgetPlace,2025-05-11T08:38:31Z
47f8659a-a9c3-422f-9853-77ed6cca87de,3456789012345,2,GadgetPlace,2025-11-07T05:10:03Z
01f07d71-e316-4700-ba34-f668c55841a4,8765432109876,3,TechLoja,2025-09-27T07:40:27Z
d374ef87-110d-44c4-8ede-b65df9418a87,8765432109876,1,TechLoja,2025-03-14T13:50:04Z
c6402f60-3653-4a6d-b183-92bbf4ba04aa,7654321098765,1,GadgetPlace,2025-07-18T11:10:30Z
3803e2da-f13f-4502-ada7-6d0579f2e816,1234567890123,2,TechLoja,2025-03-29T21:05:29Z
8cabb22e-c8e6-4a68-8502-a996fedf2eb1,6543210987654,1,GadgetPlace,2025-09-13T12:50:55Z
01d0c5f7-1a1b-4db9-ad80-a6f2df3c7684,9012345678901,1,TechLoja,2025-01-31T22:35:51Z
69da96fe-7822-45c5-8669-637830027dc3,7890123456789,1,TechLoja,2025-07-12T05:51:27Z
3dc7c0e2-2b73-4729-a444-397a1853b292,5678901234567,3,GadgetPlace,2025-05-17T16:16:37Z
6819a70b-a7c0-4e8f-bc62-7898289abbec,8765432109876,1,TechLoja,2024-11-27T01:51:05Z
ef833583-46ff-43bb-bd38-1aed8d7ced44,7890123456789,1,GadgetPlace,2025-07-22T03:51:50Z
40f7b632-cf36-4515-94e8-bc1571fb8328,5678901234567,1,TechLoja,2025-11-09T22:02:36Z
e4d8e56f-5cd8-4b87-ae08-e17ce0e2f083,4567890123456,1,TechLoja,2025-05-11T04:37:58Z
df95e7cd-09da-4d80-85ba-4fd757969b18,4567890123456,1,TechLoja,2025-06-30T19:37:46Z
93ee7c9d-630d-4127-a6e6-0366eb67e336,2345678901234,3,GadgetPlace,2024-11-13T13:23:22Z
65e84abc-7cc4-4e97-a201-62a336def32a,5678901234567,1,GadgetPlace,2024-12-20T11:06:42Z
e86dbecb-d49a-4275-b4c8-e6e34472eb9b,9876543210987,1,GadgetPlace,2025-01-29T15:45:37Z
d8381b0f-f1c1-4558-8b45-0c0998e7c9eb,3456789012345,1,TechLoja,2025-02-28T21:24:55Z
0cac5de4-2ae3-47bc-91ad-3e3f42f560e5,4321098765432,1,TechLoja,2025-08-26T23:52:58Z
a33b0bbc-e45a-42c3-b7f0-bc2235a0c7bd,1234567890123,2,TechLoja,2025-06-29T13:13:45Z
7e23e75f-adc0-4ea5-a897-670756e6f5d0,6789012345678,1,TechLoja,2025-06-17T06:35:02Z
6ba0b730-bd50-49bc-9ef7-b5821a73a2b2,4321098765432,1,TechLoja,2025-10-25T02:19:25Z
de876f22-d2a6-440f-9cc5-f518a37b7256,1234567890123,1,GadgetPlace,2025-02-26T15:14:37Z
24c98caf-82ca-41aa-b8c7-3bffd721afa8,3456789012345,1,TechLoja,2024-10-29T11:41:20Z
13acdc0b-8288-4efc-9519-dd68df62f1f7,4567890123456,1,TechLoja,2024-11-14T16:53:32Z
deef0ed4-eb1f-4ee2-b2ad-acfcd67e9fba,3456789012345,1,GadgetPlace,2025-02-06T08:39:49Z
b4d42250-b346-4179-9b41-9e0bd800a0c5,9876543210987,1,TechLoja,2025-09-25T02:43:39Z
770e54f7-6f79-4bbc-8da0-5c621f888261,1234567890123,1,GadgetPlace,2025-06-14T02:43:45Z
190d80ec-7bcc-42fa-b3df-42a63ec7fb3c,8901234567890,1,GadgetPlace,2025-06-05T14:11:57Z
99d37705-e8ea-4e5f-98c8-efbc2247764b,2345678901234,1,GadgetPlace,2025-08-27T14:05:53Z
98c66fdf-6f7f-4194-9e82-e9eeb444113d,2345678901234,1,TechLoja,2025-04-08T15:42:39Z
1bb28a26-86b5-4345-b4bc-1f45ac0ad9fd,9876543210987,1,TechLoja,2025-01-17T09:57:27Z
7316097d-09b1-42e5-aecb-97cca6ff8496,8765432109876,1,GadgetPlace,2024-10-18T19:08:47Z
8e7fe8c9-d99c-4b50-a26a-34278d35b9d7,8765432109876,1,GadgetPlace,2024-10-19T14:25:39Z
c38484c6-f0aa-4d2d-a0b6-b494af91ff67,3456789012345,2,GadgetPlace,2025-08-12T21:32:20Z
21c31852-bcea-4eff-ba9f-245b45412b58,9012345678901,1,TechLoja,2024-10-02T18:05:48Z
841e2b40-5d76-4c5e-85f6-8424fccc0a6c,3456789012345,1,TechLoja,2025-02-07T20:19:15Z
596c76d9-305a-4925-bd56-933173018488,3456789012345,1,GadgetPlace,2025-01-12T09:05:20Z
8f7d6825-6dcc-49bb-8fac-c790093e210f,7654321098765,2,GadgetPlace,2024-11-09T22:17:28Z
4a5ec5cf-5db7-48a3-bf2a-c92578639979,4321098765432,1,GadgetPlace,2025-05-10T18:58:33Z
dd15c381-3a5e-402d-a829-dac83d02f1ac,7890123456789,1,TechLoja,2025-07-20T14:58:41Z
a7ef15db-64ca-4c3f-a602-ef35e874473d,7654321098765,1,GadgetPlace,2025-10-22T07:17:10Z
9aab50e4-fc92-4d8d-a51a-b79678287e01,4567890123456,1,TechLoja,2025-09-18T16:20:35Z
f9a52f51-1f90-4e50-8ed9-5b223a4634cd,6789012345678,1,TechLoja,2025-09-25T15:04:15Z
d30aeeac-324a-409e-a703-c6d9f3911555,5678901234567,2,GadgetPlace,2024-12-27T17:44:29Z
50815c7b-784c-4377-ac25-38fd17c7683f,8765432109876,2,GadgetPlace,2025-04-09T12:20:35Z
c133bb6c-8dee-44b8-955f-06aa174a322f,8901234567890,1,GadgetPlace,2025-07-25T19:19:46Z
d9abda67-bd7a-4eab-8414-c0132f291676,7654321098765,2,TechLoja,2025-03-03T18:12:09Z
edc31b68-c0a0-4526-a750-dea8876806ae,6543210987654,1,TechLoja,2025-07-12T11:33:06Z
ebb38964-21cb-42ba-b4e0-b8f6cbc17af0,1234567890123,2,GadgetPlace,2025-10-23T08:37:21Z
da9dfa51-0faa-42e7-8759-b041aaef1a38,3456789012345,1,GadgetPlace,2024-12-15T12:10:37Z
d4d53ee9-be83-4c6c-a9cb-297b5f0af4db,3456789012345,1,GadgetPlace,2024-12-08T14:38:45Z
c25278cc-7231-4e90-96e8-5c3cb4dd08bc,7654321098765,1,GadgetPlace,2024-11-17T22:24:10Z
1982fa79-d49a-4416-b89b-884fdf9a175d,8901234567890,1,TechLoja,2025-08-05T14:53:13Z
d40a5019-d257-4fda-b03e-4270f65b86b0,3456789012345,1,GadgetPlace,2025-09-07T05:30:35Z
958b7e12-e3c7-4dd5-bf40-2c99212b6ac1,3456789012345,1,GadgetPlace,2024-10-20T11:56:38Z
f0bb430a-ca9b-4077-9a7b-de0a2696ff87,9876543210987,1,TechLoja,2025-06-23T23:08:48Z
35ba3592-53b7-48c0-b2c4-1a0eb449af01,8901234567890,2,GadgetPlace,2024-10-24T04:18:49Z
3019d844-bc8c-49da-b685-fd2cd10e5abd,6543210987654,1,TechLoja,2025-03-26T06:47:10Z
3574f82c-da72-4f7e-a866-92e541ca8b28,1234567890123,1,GadgetPlace,2025-07-31T19:38:18Z
5e1c83c6-505f-477f-9c4e-5f6a1c0df382,6789012345678,1,GadgetPlace,2025-10-18T15:04:51Z
19865aba-1569-4cad-9ac3-0edb7e870bcd,8765432109876,1,GadgetPlace,2025-06-28T10:43:31Z
bb7cdb2c-adaa-4e20-9ac1-ffab7a459d3d,8901234567890,2,GadgetPlace,2024-11-09T00:53:54Z
c39aba6d-9357-4832-89bd-4d9dd83da268,3456789012345,3,GadgetPlace,2025-10-28T19:18:52Z
8b245cee-7005-4522-87f3-6d927d2a005b,6789012345678,1,TechLoja,2025-10-15T22:51:19Z
cb775620-5b71-4f8d-af6d-bc21ab2dcab6,3456789012345,1,TechLoja,2024-10-03T08:27:27Z
f675b65d-8c04-4e1d-b4fc-bf5193f55d3f,9012345678901,3,TechLoja,2025-11-05T19:56:19Z
9a44abf5-3a58-438b-a747-a12bf3fc296d,4321098765432,1,GadgetPlace,2024-10-08T01:59:15Z
fae545ee-bb34-4a7f-9621-f273b916fffc,4567890123456,1,TechLoja,2024-10-26T05:59:42Z
4cbb9b26-25c3-4eb4-8f3d-da53dddc6b69,7654321098765,2,GadgetPlace,2025-09-26T21:21:41Z
86f01952-6e8e-4739-89f3-24cdaa397539,4321098765432,1,TechLoja,2025-04-19T20:51:35Z
09447374-d48c-4d2a-8438-86431e266a98,6789012345678,1,TechLoja,2025-02-20T01:33:13Z
bfef796f-8469-457d-a5b6-16b0922d60ae,3456789012345,1,TechLoja,2025-10-22T14:33:28Z
65a888d6-48ba-4630-8c9a-47a232b17445,9012345678901,1,TechLoja,2025-05-31T09:03:55Z
0c9ba72a-8e79-4408-934c-8d696493b5db,9012345678901,1,GadgetPlace,2024-10-17T02:32:32Z
6b46b1ef-3bca-4f4c-b58a-5f73e12931ee,3456789012345,3,GadgetPlace,2025-11-05T04:00:48Z
d5f5cd9b-3c5c-4cf6-8413-33f22ff61204,3456789012345,1,TechLoja,2024-10-12T13:53:18Z
1be2562f-f328-4a1c-bdc6-0d2f0456e1d6,4567890123456,1,TechLoja,2025-09-08T23:28:28Z
24ff995c-64f1-4b0a-975d-643a63673714,7890123456789,1,TechLoja,2025-03-22T09:08:33Z
10b05083-c068-4273-be73-fe17957c4b41,8901234567890,1,TechLoja,2025-04-21T20:57:33Z
c3da4382-4ff5-43b6-86fb-86da99e1b4b8,9012345678901,2,GadgetPlace,2024-12-06T02:36:01Z
d0d76dc3-f0de-4f03-8187-22553204fcaa,7890123456789,2,GadgetPlace,2024-11-22T16:29:29Z
19c0d692-2f7b-44f9-9d66-48e94d1e0af4,9012345678901,1,TechLoja,2025-01-23T23:07:28Z
851504f0-9911-4b2d-b32f-35d86004a76f,6543210987654,2,GadgetPlace,2025-01-10T03:22:35Z
2e7fdc82-15b4-4651-9985-d96fc800ce27,7654321098765,1,TechLoja,2025-08-14T00:45:31Z
b079b967-f809-4755-a64c-7cedf3390bef,7654321098765,1,TechLoja,2025-07-28T02:25:56Z
3da705d1-7f10-4622-9967-8026dd46a947,1234567890123,1,TechLoja,2025-07-03T09:01:16Z
c3d27fe2-fc50-4de4-b350-395e7f0f152d,3456789012345,1,GadgetPlace,2025-02-12T01:20:28Z
5be8fe36-ad7c-4895-a1e5-66b26d947dc7,3456789012345,2,GadgetPlace,2025-02-19T21:47:04Z
2c9a32fa-848c-4cee-839b-e4f74afb13fa,5678901234567,1,GadgetPlace,2024-11-21T10:56:52Z
ad815af1-b418-494a-b774-91ed72f80c2c,3456789012345,1,GadgetPlace,2024-12-28T23:22:47Z
d8b58e3c-a36d-400b-a55e-0cd26bcccb54,3456789012345,1,GadgetPlace,2025-03-28T12:18:14Z
c4c9ff29-9736-45f2-bb1b-f42c3b13a493,8901234567890,2,TechLoja,2025-08-24T01:18:17Z
d8202628-dab5-4234-b6c4-44261c37ddcb,6789012345678,1,TechLoja,2025-05-08T16:36:43Z
4e99ffcf-7d35-4df1-a85b-8d990618659d,5678901234567,1,TechLoja,2024-11-07T22:53:09Z
5be73646-8100-487e-b21a-e05b709bd93f,8765432109876,1,GadgetPlace,2025-10-10T17:50:54Z
d3412fa4-ca17-45c4-a5d2-66adb15bb386,4567890123456,1,TechLoja,2025-06-26T15:16:51Z
50826cbe-7827-425c-971e-0d0cb5e7fcae,4567890123456,1,GadgetPlace,2025-07-30T09:06:25Z
87f91ed0-517f-485d-92ed-08343f4cdd42,4321098765432,3,TechLoja,2024-12-28T15:31:43Z
a41688f5-6c88-4248-bb71-68d233a40f76,3456789012345,1,GadgetPlace,2025-10-19T12:29:11Z
fba34c63-28f4-4d6c-8c49-c608e50c5f4b,9012345678901,3,TechLoja,2024-12-11T13:17:40Z
ae0f5ce3-2b2a-4915-b2c8-31c5c4d909d4,6543210987654,1,GadgetPlace,2024-12-30T19:28:25Z
4751b56a-d8c1-46e8-b94d-a780b2a565ff,5678901234567,1,TechLoja,2025-05-31T16:47:42Z
937d0a52-b66c-4827-ad33-9512701818c6,4567890123456,1,TechLoja,2025-09-14T18:08:48Z
58522cd5-3ee3-4059-9393-41e56470f812,3456789012345,1,GadgetPlace,2025-05-17T13:22:03Z
5875ba2d-ee57-4e19-8f59-277dcf693556,3456789012345,1,TechLoja,2025-07-09T12:12:14Z
d68f3031-729f-4745-96de-3d6c7ea1c5ef,8901234567890,2,TechLoja,2025-04-21T21:54:59Z
2b6ce341-a14a-4c51-b7ff-897e572859bf,3456789012345,1,TechLoja,2025-10-09T16:20:15Z
fefc30e0-7fed-41ef-bedc-36d2f818f043,7654321098765,1,GadgetPlace,2024-11-05T00:02:32Z
268eca99-f00c-433b-9451-9b9cc1911e66,9876543210987,2,GadgetPlace,2025-10-12T14:39:11Z
c0956ddf-d4f5-4c93-8e1c-314cbc0f0d7f,3456789012345,1,TechLoja,2025-01-27T10:57:38Z
520576da-9131-4c68-9b75-5996463021d3,9876543210987,1,GadgetPlace,2025-04-10T08:21:03Z
f73f7613-a16d-4182-8fa0-2cefab43132d,3456789012345,2,GadgetPlace,2025-05-06T11:39:49Z
eb2bc2c2-24e2-49be-be59-51ec5a865e3b,2345678901234,2,GadgetPlace,2025-07-04T16:00:37Z
dec872bb-83bc-4206-b7d5-45bd9c9fd5f0,1234567890123,1,TechLoja,2025-07-28T06:38:06Z
cd52d82f-69a2-4b5a-836a-06f8a10c2446,6543210987654,1,GadgetPlace,2025-04-14T18:13:53Z
cbedb096-7861-4d80-ba87-bf0c4b8122d2,3456789012345,1,TechLoja,2024-10-06T14:39:14Z
c8c44f82-867a-450c-abdb-1e9003388151,7654321098765,1,TechLoja,2024-11-15T16:02:36Z
c7866f0e-ad94-4afa-9d17-5b9e5822a285,5678901234567,2,TechLoja,2025-05-14T17:13:12Z
13bbc741-e738-49c6-882c-f025868220e2,3456789012345,1,GadgetPlace,2025-06-05T06:45:27Z
c77553ff-9181-4cbb-8a27-f230fec0535c,9012345678901,2,TechLoja,2025-03-16T07:59:55Z
eb069989-32d1-4128-9fa4-df6243854745,4567890123456,1,TechLoja,2025-09-15T12:18:11Z
bd2e571d-139b-414d-b1d5-a68649f2e348,8765432109876,1,TechLoja,2025-04-08T23:54:19Z
b4aa44f9-1d42-4b55-b79c-39afff381ad6,7654321098765,1,TechLoja,2025-03-21T05:19:28Z
7c8a4121-c18b-4a16-b5f8-a9126df05558,4567890123456,1,GadgetPlace,2025-03-28T23:41:22Z
9d577183-785c-41dd-a8f8-29c7e1a9e5b7,7890123456789,3,GadgetPlace,2025-08-19T05:55:25Z
3c5d29da-702a-4cd6-a78b-5758b1471186,3456789012345,1,TechLoja,2025-10-14T20:15:30Z
824209d4-1951-4370-8cd5-0192c4ec7363,8901234567890,2,TechLoja,2025-07-20T17:18:41Z
4b34a419-0223-417d-aa04-7f5dc2b189ac,5678901234567,1,TechLoja,2024-10-03T17:33:37Z
361a47dc-1d84-4875-90ea-6beb619d096e,3456789012345,1,TechLoja,2025-07-19T22:43:19Z
d7b78815-77ca-4ee5-8e36-c46836e975ab,1234567890123,2,GadgetPlace,2025-05-08T05:27:40Z
0bfe30b1-5f67-40e6-ad5b-b63bb96b97d9,8765432109876,1,GadgetPlace,2025-10-13T18:13:55Z
ea043b9b-39e9-4dbd-8f8a-3abdee159c5b,5678901234567,1,GadgetPlace,2025-10-23T11:35:47Z
10727742-3aed-4367-aa92-dd829a21618b,7890123456789,1,GadgetPlace,2025-07-08T16:16:29Z
b51bce51-9455-413e-b1b1-45ab02d40cc9,9876543210987,2,GadgetPlace,2025-07-02T08:51:30Z
4ae15069-e5fa-4e62-976a-66d60a31b42c,5678901234567,1,TechLoja,2025-05-20T18:48:54Z
52058e21-3b02-4116-b835-a58d1556545f,4567890123456,1,GadgetPlace,2024-11-10T05:36:03Z
591af2a1-4fed-4817-ad25-e7fb6d6b10b9,9012345678901,1,GadgetPlace,2025-05-22T06:56:41Z
8dd1d0e0-5dba-4a67-a835-3fd036e4d38a,8901234567890,1,GadgetPlace,2025-02-07T09:24:00Z
71846f30-7ca9-4eb3-bc7b-5cc8df92c048,2345678901234,1,GadgetPlace,2025-06-05T08:58:40Z
218769c7-3a2f-4c7d-81d9-fdb5e6df810e,6543210987654,1,GadgetPlace,2024-12-29T10:52:22Z
aaa032e0-78c9-4860-a97c-f027703eb7c7,8765432109876,1,GadgetPlace,2025-09-08T07:40:47Z
6899ae52-289d-45c0-bc5b-414860eebd1d,8765432109876,1,TechLoja,2025-01-04T16:03:36Z
0d61b242-061e-4d1d-bb48-dff9375ef38c,6789012345678,1,TechLoja,2025-06-30T11:12:41Z
fb50b244-1a0f-4c83-a06c-8e0be1915ad2,4321098765432,2,GadgetPlace,2025-01-17T06:16:31Z
88e898ec-4e21-4e7c-aeaa-4c4195fb2d0c,7654321098765,3,TechLoja,2025-08-05T18:09:16Z
ba73ed58-4198-4c2e-b6bf-ae98dcc2e982,4321098765432,1,GadgetPlace,2025-05-22T07:25:52Z
71170475-88b7-4684-810d-36434134117c,6543210987654,1,GadgetPlace,2024-10-06T23:16:30Z
024c5989-9922-41e5-9335-f44a5e9df3f1,2345678901234,2,GadgetPlace,2025-10-14T13:46:39Z
b3a179bb-88fb-4124-b7d1-2ca0ae9b3ea4,8765432109876,1,TechLoja,2025-02-05T06:19:15Z
90c07f15-e6e4-4a98-a0a1-30e11a225134,4567890123456,1,TechLoja,2025-10-23T16:55:13Z
68b5518d-7a0b-44ac-a1a4-06ce17010826,7654321098765,1,GadgetPlace,2024-12-23T18:03:23Z
0bf414c8-37f6-44a6-b910-1081227f1caa,1234567890123,1,GadgetPlace,2025-01-10T06:34:29Z
6cd1c58a-3f4a-4b07-9ae5-7090546196a5,7654321098765,2,TechLoja,2025-10-06T08:24:28Z
6b454a2a-349e-4df3-8327-b5031ea9249c,3456789012345,1,GadgetPlace,2025-04-28T21:13:00Z
42942cee-7a35-48cd-96e2-6bf3a6e70531,2345678901234,3,TechLoja,2025-06-27T23:01:58Z
be0d7f68-4774-4ce8-8f6b-b9dd0c149069,3456789012345,2,TechLoja,2025-03-15T18:42:40Z
2ee89903-4289-469d-94f8-7b67ca2489ff,6789012345678,1,TechLoja,2025-09-11T07:26:59Z
9d5175cf-eefb-45e3-852a-953eae9fe1cb,9876543210987,2,TechLoja,2025-03-03T02:16:14Z
692c6bab-c129-4cfa-8d4e-302510caa813,7654321098765,1,GadgetPlace,2024-12-28T15:51:17Z
501f8384-afbb-4f0e-ba2b-4190450386ce,7890123456789,2,TechLoja,2025-10-25T05:57:28Z
9ef8d7f9-2c49-46ef-8d81-6808fa42e966,3456789012345,1,TechLoja,2025-06-19T06:04:41Z
ef6d7fe7-4091-40f6-b9fc-23bc23b2b863,5678901234567,1,TechLoja,2025-04-09T09:47:52Z
ee80860f-5af8-4459-be2f-7c64d7144987,4567890123456,1,TechLoja,2025-08-16T15:17:56Z
fba7e857-07d0-4699-a21f-6b858bc6c7c7,9876543210987,1,GadgetPlace,2025-10-31T17:18:37Z
8c242a4c-cb59-4e49-a0ee-19b7bb0fe48b,7654321098765,1,TechLoja,2024-12-01T21:06:44Z
ded22e13-91e2-4163-b700-073319d1139f,8765432109876,2,GadgetPlace,2025-05-19T22:37:57Z
8733fec2-9158-47d3-96df-1579b2f5af05,7654321098765,2,TechLoja,2024-12-14T20:09:31Z
64383757-44ec-44f4-b32b-9d2cf2b1ad5c,3456789012345,1,TechLoja,2025-06-04T17:47:22Z
14db1cef-c7f4-4ef3-adf4-ba72187a7865,3456789012345,3,TechLoja,2025-05-28T06:52:36Z
2ead12ad-2992-4067-832c-38144a4806af,9876543210987,1,TechLoja,2025-03-24T15:12:37Z
0b77cb93-7946-4747-9f4d-e23dbb213c5b,5678901234567,1,GadgetPlace,2025-03-08T07:11:40Z
f3d347ce-4040-4888-9612-452779d1cde2,4321098765432,1,TechLoja,2025-07-05T08:00:25Z
fb1301a7-6ecb-4881-910a-7da8e752193d,4567890123456,1,TechLoja,2024-10-24T20:04:25Z
26537fd4-6225-4413-959f-eefab9ce7e78,4321098765432,2,TechLoja,2025-06-09T12:16:27Z
9d3aae5d-15a6-4389-9209-dc0add83beed,5678901234567,3,GadgetPlace,2024-12-30T08:31:03Z
c6e61313-7d33-40c1-ba04-c4e27c129621,7654321098765,1,GadgetPlace,2025-10-20T14:43:42Z
6e5908b8-7062-427b-8edc-fd8539ea5061,8901234567890,1,GadgetPlace,2025-05-31T22:40:56Z
8d9a1626-e891-4030-ae28-3a831bfe55ff,6789012345678,3,GadgetPlace,2024-10-25T07:35:22Z
05a8ecf3-e37c-4ce4-bdf7-0617980a0f4a,6543210987654,2,TechLoja,2025-09-05T09:22:02Z
4071352b-bc06-4832-aeaa-30f38bc2e607,3456789012345,1,GadgetPlace,2025-02-16T17:54:32Z
8713c9e9-c6db-4f4d-80b9-f64d98bc95e6,7654321098765,1,TechLoja,2025-01-24T17:16:52Z
d0c9703c-afc0-4879-90e3-f2c28004953e,3456789012345,1,GadgetPlace,2024-12-14T03:18:31Z
a2e5599b-c6b4-454b-b91e-504b321bfc63,9876543210987,1,TechLoja,2025-02-04T14:07:26Z
7ff05b5f-fc24-49b1-be72-83c18132acc7,5678901234567,1,GadgetPlace,2025-10-21T16:06:40Z
a5f62607-14b9-40e3-91f6-d367557f0291,3456789012345,1,GadgetPlace,2024-11-03T16:03:48Z
2503325d-f729-458e-bc46-7895655ed2b4,2345678901234,2,TechLoja,2024-12-02T06:02:37Z
0fdc48c9-c9d4-4e90-babe-ad14faa173e3,2345678901234,2,GadgetPlace,2024-12-10T07:38:14Z
b06c5060-4e57-45b6-96db-9d00d6da3806,2345678901234,1,TechLoja,2025-08-01T00:11:17Z
173087d3-6882-4854-a11e-8491180c11b1,6789012345678,1,TechLoja,2025-11-04T18:58:50Z
caa61a2d-457b-4377-9701-145cafb6e9a9,6789012345678,1,GadgetPlace,2025-06-30T18:11:27Z
81de655e-a24d-4202-9955-f6ca2e9d1ed5,2345678901234,1,TechLoja,2025-11-06T06:47:28Z
c5cb2273-dff5-46ab-a796-0b570023dcd6,7890123456789,1,TechLoja,2025-03-03T18:25:11Z
eb011ed5-371b-4625-843c-d0de090ed8ce,3456789012345,3,TechLoja,2025-06-22T15:27:41Z
887dc8b2-1510-456b-a26d-f1f8c7ddebde,3456789012345,1,TechLoja,2025-03-24T18:37:35Z
6cbc31fe-79a1-4472-817c-584f83fcc168,9012345678901,1,TechLoja,2025-04-11T22:21:09Z
98926f6c-f571-4b8c-8c7f-68784c5b2eef,7890123456789,2,TechLoja,2024-11-18T11:37:12Z
1f261afa-e8c5-4fd4-ae20-e1355c715e71,7654321098765,1,TechLoja,2025-09-03T02:22:07Z
004a2c66-ea91-4514-b961-9ee2586271c4,6543210987654,1,TechLoja,2025-04-18T00:17:51Z
408c2d54-e359-4113-9336-cda9f64644c5,2345678901234,2,GadgetPlace,2024-11-18T03:58:41Z
bb1a47d5-960e-419c-bf4a-c354aa85ee2a,3456789012345,1,TechLoja,2025-02-08T00:09:13Z
b2b9ff28-835f-4408-9054-4eab9442ce78,9876543210987,2,GadgetPlace,2025-04-26T10:50:22Z
7fbbf0dc-2501-4d3d-9b97-64e5055310e3,7890123456789,1,GadgetPlace,2024-12-15T14:41:09Z
403c3a8b-6004-4988-854b-a0612a69321d,1234567890123,1,TechLoja,2025-02-21T17:31:35Z
31eee9c4-8189-458c-8439-8ecfa642cd98,8765432109876,1,GadgetPlace,2025-06-02T04:51:29Z
0caff21a-5188-4a6a-a6b2-7107ac6d199a,7654321098765,1,GadgetPlace,2025-02-12T08:54:00Z
ab237d94-8f0d-4e0d-a927-634500c245a0,1234567890123,1,GadgetPlace,2024-10-03T13:44:22Z
1cccff90-7fe8-44ce-baf7-d8d4cf604e5e,7654321098765,1,GadgetPlace,2025-05-30T20:56:48Z
2d25355d-39fc-4f51-b217-82b2dde7077d,8765432109876,1,TechLoja,2025-02-14T04:04:45Z
f032bcdd-2666-45f5-a5d1-43410e29f70b,8765432109876,1,GadgetPlace,2025-09-06T07:45:15Z
fdb55b95-5167-4393-acb1-c2e1dcd060b6,3456789012345,3,TechLoja,2025-03-24T10:33:38Z
ccfe9f91-ceb7-4062-809d-6e8f9c36145a,3456789012345,1,GadgetPlace,2025-10-26T11:05:09Z
32f5c839-dd1a-4e94-8f83-81c4fca3c2a6,8765432109876,1,TechLoja,2025-09-14T07:54:39Z
f9498ad6-5757-4f71-8ea9-5b19499ef538,5678901234567,3,TechLoja,2025-01-11T21:35:03Z
dba1117b-2435-4849-a5f9-378884885737,9012345678901,1,TechLoja,2025-04-30T02:34:03Z
49f412fe-ff7c-48ce-9e71-35deadde4a1a,4321098765432,2,GadgetPlace,2025-05-22T22:11:26Z
62781ecc-12fd-4e96-93a0-4f5d7606b06d,9876543210987,1,GadgetPlace,2025-02-09T05:32:48Z
ce4c3617-03c9-4535-b7c8-beb10d19100e,3456789012345,2,TechLoja,2025-10-09T15:01:37Z
5393bcb4-aa51-4540-b11b-b2f0f516cfce,8765432109876,1,TechLoja,2025-07-02T19:12:33Z
ec0c38e2-6c44-4dd3-a1cb-95ed45b8e367,4321098765432,1,GadgetPlace,2024-10-12T10:01:34Z
b7b64f5d-aef9-413d-8ccc-f054b1c76fe2,7890123456789,1,TechLoja,2025-11-03T20:36:45Z
4f3ad3bb-a598-4b14-afb7-4ffc79434e14,6543210987654,1,GadgetPlace,2025-07-06T02:10:29Z
6856a863-cfaf-484c-bd15-81f1b4b118c7,7654321098765,3,TechLoja,2025-10-17T13:46:15Z
a8d6f23b-af38-42e3-a754-487296cf6878,9876543210987,3,TechLoja,2025-06-30T13:50:53Z
863af363-778e-405e-b9a9-ffd126d6664e,5678901234567,2,GadgetPlace,2025-04-28T00:27:40Z
564cc62d-8b33-4773-a93d-758d0fc3e793,9876543210987,1,TechLoja,2025-10-14T22:06:08Z
cb46ee6b-7626-432d-9520-e03046ea3511,8765432109876,3,TechLoja,2025-09-19T02:38:06Z
2fe5a25b-5f42-40c8-879a-c5319d29bde2,5678901234567,1,GadgetPlace,2024-10-13T04:43:05Z
9de1210c-81a3-4813-a86b-f22632891b92,8765432109876,3,TechLoja,2024-11-07T22:41:15Z
b048a1a1-a02e-4ed9-bcf9-34f3848a52d7,2345678901234,1,GadgetPlace,2025-01-24T08:47:38Z
f53240ab-1f1f-4348-9d01-5980120545a5,8765432109876,1,TechLoja,2025-06-13T16:20:59Z
9b9edc02-3a85-4316-99c1-71d7bac48183,7654321098765,2,TechLoja,2025-02-05T22:15:22Z
3955fd2b-948f-4cbf-9eca-c0a292b8e814,6789012345678,1,TechLoja,2025-08-06T21:27:46Z
388ac87e-bd97-4699-80f8-dd65b078a3d9,6543210987654,1,TechLoja,2025-08-27T07:02:02Z
32d125ee-8b88-4712-aabd-416741b18b61,4321098765432,1,GadgetPlace,2025-11-01T07:10:13Z
041e8511-2054-48dd-a210-0c90040d4daa,7890123456789,1,TechLoja,2025-04-09T19:23:31Z
b6cb872b-f743-4218-9da1-b55b115a888f,2345678901234,1,GadgetPlace,2025-04-18T09:20:29Z
f41f45af-bce3-43c1-8538-8042ac7b0f07,7654321098765,1,GadgetPlace,2024-10-16T11:17:44Z
0a24943a-6eb4-43a3-82f2-45aa53a036bd,3456789012345,1,GadgetPlace,2025-08-31T11:30:27Z
1cd58fef-b21b-4a5c-bf3b-f4cba896a42d,8901234567890,1,GadgetPlace,2025-07-27T23:21:25Z
9dcc93e4-9222-451c-a5e5-b2a72af11618,8901234567890,1,GadgetPlace,2024-10-05T19:41:37Z
85d48351-a8b5-4017-a8e8-307e29f4c549,9876543210987,2,GadgetPlace,2024-12-23T17:12:48Z
5f405491-0490-43dc-a6a2-a358d31c4857,4321098765432,1,GadgetPlace,2025-02-05T19:04:42Z
ef7123fb-c6d2-4a39-a21f-2c08420790cf,7890123456789,2,TechLoja,2025-10-03T05:25:23Z
879e4b95-d35a-495e-a24f-af62f68f5727,8901234567890,1,TechLoja,2025-03-03T11:58:11Z
01f6664c-bf8c-4b82-b3ce-58c14f62b90c,4567890123456,1,GadgetPlace,2024-11-10T06:38:17Z
b57a12e7-a7ee-4f67-bbcb-e2f8bc59b95d,3456789012345,1,TechLoja,2025-08-17T00:05:32Z
f61dfe2e-7cf8-4568-8621-1c34768ae1ca,8901234567890,1,TechLoja,2025-04-06T17:29:44Z
15ca9cec-e7e3-440e-b2c1-9c1e8470efd6,4321098765432,2,GadgetPlace,2025-10-29T21:32:47Z
ffb96601-13e4-4177-94fb-7a4b9c7a6576,3456789012345,3,TechLoja,2025-03-31T21:45:27Z
c6f6bd1f-7e1c-42c7-ae7e-75df5d0936da,4567890123456,3,GadgetPlace,2024-10-05T19:44:54Z
1768dfdc-963f-442a-af87-edefdf7ff28c,7654321098765,1,TechLoja,2025-08-04T04:54:50Z
45d311b8-3d76-45d8-959f-67566c6bf00b,6789012345678,1,GadgetPlace,2024-10-04T00:56:43Z
fdc1420b-3184-42b5-915c-b9819cb92145,5678901234567,1,TechLoja,2025-10-14T22:23:38Z
a70e7778-5dcb-4b7c-a647-324f71f9cce8,9012345678901,1,GadgetPlace,2025-10-18T21:15:18Z
30a9bb6b-18dc-4539-af4f-e55bab53f24f,3456789012345,2,GadgetPlace,2025-04-13T06:26:33Z
dc115e6d-6882-4d00-a582-0a61f7ed7740,1234567890123,1,GadgetPlace,2025-03-18T00:12:24Z
e357284e-86e8-444b-a6b8-1d8a99b9718b,4567890123456,3,TechLoja,2025-07-17T02:08:15Z
7f2b607e-066e-4c08-9d90-739a94417993,1234567890123,1,GadgetPlace,2024-12-05T07:52:00Z
b15d4b21-26d4-4837-b790-a4405cc2bde3,8901234567890,1,GadgetPlace,2025-09-06T00:47:52Z
4980caf7-02bb-4e8f-9001-0ce225bc3913,8765432109876,2,TechLoja,2024-10-23T22:08:59Z
7c761689-1637-4f10-bb95-ca55ae46e525,8765432109876,2,TechLoja,2024-12-19T05:08:55Z
b3b59be1-e997-4fea-9fea-3391a8e46290,6543210987654,2,TechLoja,2024-12-24T06:32:09Z
21274a17-ef93-49a2-b89f-c0fc935ca60d,8901234567890,1,GadgetPlace,2025-10-29T20:47:16Z
1f5aad8e-53a6-4227-8978-4445cd602b26,4321098765432,1,TechLoja,2025-07-05T22:19:25Z
aa10819e-aca5-4e6e-b853-0cb0028f2a48,7654321098765,2,TechLoja,2025-01-14T17:14:38Z
629715ff-5858-487a-b05a-5d9e6564609e,2345678901234,1,GadgetPlace,2025-09-09T11:30:33Z
1b181af7-59bf-4d5e-b2cf-57853f542f22,7654321098765,1,TechLoja,2025-06-15T06:57:59Z
15c08ddb-fe6e-440c-b5ef-ed2d82edd76c,9876543210987,1,GadgetPlace,2025-09-24T23:39:10Z
be61e2f7-961e-4e11-aa1f-646b4550d2cb,9876543210987,1,GadgetPlace,2025-01-11T04:41:15Z
ae21f87b-1c79-4922-a441-bbee9b004645,9876543210987,1,GadgetPlace,2025-05-24T05:25:52Z
92fb99c5-4a39-4cda-a80f-15c7178c3b48,6789012345678,1,GadgetPlace,2025-07-18T11:45:37Z
644dab8e-17a1-4447-83ac-e1e8523ee127,3456789012345,3,TechLoja,2025-06-10T20:34:48Z
88625f69-753f-45a7-8522-001abd54289d,6543210987654,1,GadgetPlace,2025-04-22T15:43:34Z
27144156-fd4f-40f7-a839-e572f4c90d80,5678901234567,1,TechLoja,2025-06-16T02:49:01Z
4e08ebee-8e70-43de-9a73-d802262d4bbe,7890123456789,1,TechLoja,2025-02-06T04:15:00Z
99549478-9cca-4506-a884-a166069ef9b7,6789012345678,1,TechLoja,2024-11-15T15:30:17Z
6698a3cf-c682-47cd-90dd-97037baa8501,7654321098765,1,GadgetPlace,2025-04-22T04:41:47Z
ebfc9df1-c514-4380-8ea1-5526246f77dd,6543210987654,1,GadgetPlace,2025-05-15T21:57:27Z
b0f86700-6ef8-4d1c-82ed-c88ce66b3afd,4321098765432,1,GadgetPlace,2025-03-09T04:25:31Z
6d65707a-73fd-4e1f-bba3-04233f089286,4567890123456,1,GadgetPlace,2025-03-29T15:13:51Z
8c7f34b8-a15f-4b13-a146-bb1f74c65ca6,2345678901234,1,TechLoja,2024-12-31T22:32:30Z
f135a240-bb4b-4da1-ba29-e2ae345a6ec7,9012345678901,3,GadgetPlace,2025-06-03T06:33:56Z
66d61fed-1a93-40a4-ad72-56d52b82e167,5678901234567,1,GadgetPlace,2025-06-29T21:30:44Z
ac48fcaa-d889-4a9a-bc91-8a2d8fb8a4e7,8901234567890,1,TechLoja,2024-10-06T22:03:37Z
f5910341-ef10-4979-8a7f-c2034180a645,1234567890123,1,GadgetPlace,2025-09-11T21:48:37Z
e6b21079-ffc0-4e01-ba01-1503e16d3b82,7654321098765,3,TechLoja,2025-08-25T12:28:53Z
430eaeac-2440-4073-98b0-5e624efa42bc,2345678901234,1,GadgetPlace,2025-09-15T14:28:33Z
bc6d9b21-5e93-437e-acc1-8f4cd9a3e341,8765432109876,1,TechLoja,2025-06-26T13:09:09Z
974908b9-440c-4ceb-a8a5-3101da4a262b,2345678901234,2,GadgetPlace,2025-10-06T02:42:16Z
d207d978-52a6-4041-b2a0-7d604b819326,3456789012345,1,TechLoja,2025-10-04T20:31:50Z
3d193e92-76bd-4277-879f-099768d30415,8765432109876,2,GadgetPlace,2024-10-12T12:03:16Z
fd988b79-f27e-4344-b966-5610038484c2,7890123456789,1,GadgetPlace,2025-05-28T10:18:53Z
02bbb5a9-b649-4369-8ced-35b0694d5216,9876543210987,1,GadgetPlace,2025-09-19T14:15:16Z
5d2780e4-fb6b-4dee-9688-45e061428834,3456789012345,1,TechLoja,2025-09-16T14:46:26Z
cf4fb988-6413-462b-aa53-a01850e9a9fa,7890123456789,1,TechLoja,2024-11-03T12:45:46Z
6620399a-e045-4260-bf4f-74dfb018a66b,3456789012345,1,GadgetPlace,2025-06-12T12:19:28Z
1b6e6b24-ce95-4bc9-bcbe-878071fd6f04,5678901234567,3,TechLoja,2025-10-07T23:36:02Z
9e99c366-5259-4c64-b50a-790c81d8e8ad,9876543210987,2,GadgetPlace,2025-10-03T19:13:07Z
32ac67d6-5628-493b-951c-55ecc4cf83a5,8901234567890,1,TechLoja,2025-01-13T05:59:31Z
59429c9d-1a71-4791-a008-0122a89643cc,7654321098765,2,GadgetPlace,2024-12-04T21:32:15Z
fef95b4a-8e79-4838-aaaa-692236fb08f1,3456789012345,1,GadgetPlace,2025-01-07T03:53:04Z
2d2b4dd9-8b78-4792-9627-89ffb9bfef03,9876543210987,3,TechLoja,2024-11-04T09:05:30Z
f778795c-ae66-410c-a8a5-e9659e1583d6,6543210987654,2,TechLoja,2025-02-11T18:06:46Z
78588dcf-2a11-4e4d-8609-daa7399d78ed,3456789012345,1,TechLoja,2024-12-15T20:38:27Z
decc890c-fbf7-48cb-8bd1-f98137ad559f,5678901234567,1,TechLoja,2025-07-21T22:33:36Z
afebae2c-f87e-4b09-bd72-3894c6ff84b8,3456789012345,1,GadgetPlace,2025-04-22T10:32:52Z
a665cbc9-272a-40d1-9ecc-f04e3bb2400e,9876543210987,3,TechLoja,2025-05-28T05:37:17Z
446a14e7-0943-413f-bbf9-c23b744dcec4,3456789012345,1,TechLoja,2024-12-23T18:25:09Z
ef85a989-5a96-4a9e-a8f7-de93d5e6bf30,4567890123456,1,GadgetPlace,2025-03-31T13:44:33Z
14fd1bb6-36e0-4cae-9dfd-f29d047fad4c,4321098765432,1,TechLoja,2024-12-01T20:40:05Z
201fc49a-465f-4201-ba54-b4564da5dfec,9012345678901,1,GadgetPlace,2024-10-06T12:52:08Z
42b81152-24ab-4a58-ac3d-95649c4eaa03,9876543210987,1,TechLoja,2025-07-30T12:43:17Z
1789ce03-978b-4d7a-8d08-66783bbec1d7,8901234567890,2,TechLoja,2025-04-05T13:28:21Z
7432fa72-f284-4865-bd04-ff152c59f0a5,7654321098765,1,GadgetPlace,2025-08-28T07:18:24Z
17a75ec9-70ea-4531-8daa-8b89d0cb4273,9876543210987,1,TechLoja,2024-12-12T13:27:38Z
9131b004-8660-4e55-b81e-c02954bd8b53,6789012345678,1,GadgetPlace,2025-06-21T05:02:38Z
bedc1f40-4f1c-40c8-9081-806b5c27fac6,5678901234567,3,TechLoja,2024-11-26T21:19:23Z
c2fc99d8-b144-4aeb-abee-cbf7c654c2f0,8901234567890,1,TechLoja,2025-09-01T08:59:10Z
8a7b29f8-1e6f-4443-a6a8-3c820af71a23,1234567890123,1,GadgetPlace,2024-12-20T21:38:17Z
17a9af2b-295d-48e1-b3d8-44eedb0e0f0e,6789012345678,2,TechLoja,2025-05-31T07:54:25Z
261d1aa0-afe5-44b0-9fca-a517b6fe3b93,6543210987654,1,GadgetPlace,2025-01-31T12:35:13Z
a9e9467a-f4d5-4c83-a965-5d46b3fef127,7654321098765,2,GadgetPlace,2025-06-02T11:03:08Z
739fe826-c1f1-4941-9545-bbe914a4e2ee,6789012345678,2,TechLoja,2025-05-31T09:06:37Z
f5a0572e-2d81-4458-addb-1d16d4d967db,3456789012345,1,TechLoja,2024-11-13T08:32:48Z
2a30f4ce-ea74-4954-a8c3-d4d9e7af8361,6789012345678,1,TechLoja,2024-12-02T06:54:52Z
5a8eb1b7-df1b-4c3b-90a6-de9eafbefb08,6789012345678,2,GadgetPlace,2025-10-04T20:48:22Z
eb4fb815-b68a-4f81-ace5-63680321df69,2345678901234,1,TechLoja,2025-03-02T21:20:33Z
8d16f538-5b1d-4859-8863-673d3e99b0eb,6789012345678,2,TechLoja,2025-07-02T06:14:51Z
41ac6dd9-23bb-4d61-80ce-586aa250ff8d,7654321098765,3,GadgetPlace,2025-08-31T12:59:43Z
0737faa5-26da-4613-be3e-27d965f32528,3456789012345,2,GadgetPlace,2025-08-08T23:27:47Z
1dafec9c-bea5-459a-9e0c-66df2551e436,1234567890123,1,GadgetPlace,2025-02-21T15:01:36Z
ea788ae0-1a06-41d6-911b-68e69f081f22,3456789012345,1,GadgetPlace,2025-09-09T05:11:45Z
1f89fbe9-edf4-4835-8ad0-e5a49f703d5c,7890123456789,1,GadgetPlace,2025-11-02T02:22:36Z
9862d92e-d912-48f5-bc69-6de7f778bd08,2345678901234,1,GadgetPlace,2025-02-20T21:38:59Z
9fc71766-ae67-48ce-b111-4459e4fdcb3e,9876543210987,1,GadgetPlace,2025-07-10T13:49:26Z
91ef8d6a-11b1-4524-958f-c20d2e7af5dc,9876543210987,1,GadgetPlace,2025-04-29T18:40:17Z
ee7a5e06-b4ad-4cf7-a60c-9791473f0e1a,6789012345678,1,GadgetPlace,2025-06-02T20:02:02Z
e288dc27-2be3-4445-b10c-93035864905c,1234567890123,1,TechLoja,2025-04-30T07:00:22Z
279b2d26-fe44-4ce2-a32a-34fc5b6256b9,4321098765432,2,GadgetPlace,2024-10-19T19:35:53Z
d141940c-2a86-4409-872e-0a81595efca2,3456789012345,1,TechLoja,2025-08-13T07:11:26Z
a95fb224-60c2-41d2-812c-b5d0253580ca,8765432109876,2,TechLoja,2025-06-10T03:13:00Z
81cc6d47-fdd0-4923-9c3c-33b2f9b881e9,6789012345678,1,GadgetPlace,2025-06-15T16:02:35Z
a5626690-394b-44d4-b26f-e96df6b1a3c9,3456789012345,2,TechLoja,2025-03-30T07:54:17Z
1cb0eee4-58d6-47b4-a0b4-77028945348b,3456789012345,1,GadgetPlace,2025-05-12T14:55:33Z
de585934-638d-4930-b6af-d2e7dec2aa1f,1234567890123,1,TechLoja,2025-06-16T03:13:46Z
fce026a6-d46e-4ca0-a82b-02e0a8f1f995,2345678901234,3,TechLoja,2025-11-09T20:26:34Z
c4c544dc-ed69-4056-bd31-4cb4ddf6fa1f,4567890123456,1,TechLoja,2025-01-30T17:26:54Z
e06a7767-a224-4e0e-aafc-a590e00679ce,8765432109876,2,TechLoja,2025-02-14T20:27:12Z
8cf66d00-1553-4d06-a20d-9c0f8ef251ee,1234567890123,1,TechLoja,2025-02-24T11:56:00Z
3c53a845-af49-4011-b207-f90ab7590b11,6543210987654,2,TechLoja,2025-02-03T10:52:19Z
ec13b63f-1ba5-40f3-9ead-6d8c0a564683,8765432109876,2,GadgetPlace,2024-11-18T16:30:42Z
624dc6ca-2344-4d8b-94e5-1354353acf25,6789012345678,2,GadgetPlace,2024-12-04T20:43:53Z
e7257ad3-61b4-4179-9970-fd2d5f884da0,6789012345678,3,GadgetPlace,2025-03-31T03:31:06Z
80e49522-e78c-40f8-924a-c77363700eba,2345678901234,2,TechLoja,2025-04-02T22:35:11Z
3307c48d-23f9-4063-b055-8813d0c9ce3c,4567890123456,1,TechLoja,2024-12-19T14:13:59Z
a2e477d2-6930-4f99-8e95-300473b0b1c3,8765432109876,1,GadgetPlace,2024-12-16T14:57:32Z
6ed28b75-0b25-4b1b-860d-2dcee173e853,6789012345678,2,TechLoja,2024-11-21T10:23:30Z
6b8eca1c-45ed-4706-bfdf-3d1803e1c8da,7654321098765,1,GadgetPlace,2025-06-15T15:45:11Z
4a92b355-7558-49e8-9d4b-4cab13f588e0,2345678901234,2,GadgetPlace,2024-11-08T20:10:23Z
0a9d58b6-c480-4dc0-b142-b715fdec28c9,6789012345678,1,TechLoja,2025-10-18T20:46:23Z
e143256e-1be1-4835-afa0-9dd9661b375a,9012345678901,1,TechLoja,2025-06-07T05:21:59Z
cbaa8277-424d-4f86-88d7-a4b3184e9cf6,9876543210987,3,GadgetPlace,2024-10-08T16:57:35Z
740de59e-3bd7-4f05-9fcc-b018c0084716,9012345678901,1,GadgetPlace,2025-07-23T12:44:43Z
b79fc7c9-00cf-4cba-918f-426d7d9352cf,6543210987654,1,GadgetPlace,2025-06-05T09:47:08Z
3fbd1797-53ec-4261-8349-018170dccf5a,8901234567890,2,GadgetPlace,2025-02-04T17:52:29Z
b63fd893-3cee-4a32-a6ac-bd21e55f96ba,9012345678901,2,GadgetPlace,2025-10-05T21:03:48Z
e76d7046-c51b-4cad-a7ee-89a96d16b244,1234567890123,1,GadgetPlace,2025-06-23T17:17:16Z
5d4a958e-fc56-4b90-925a-93842eb86488,2345678901234,1,TechLoja,2025-08-05T07:30:21Z
bc062723-bf9c-4be5-b236-26001dbcf745,2345678901234,1,GadgetPlace,2025-01-28T09:24:09Z
df52a306-5a8b-4f0f-9315-9f17db491522,7654321098765,1,GadgetPlace,2025-07-08T05:05:27Z
07c63b9e-01b0-4bdb-ae7a-4ad77239bb4c,6789012345678,1,GadgetPlace,2024-11-11T12:16:23Z
280055d4-4756-4551-8382-8b7c2881f61e,7654321098765,1,TechLoja,2024-10-21T14:41:47Z
09c8eb46-3b6c-4248-84c5-e55334e3c258,6789012345678,1,TechLoja,2025-09-15T16:37:27Z
edc2fa31-a5a7-4c9a-926f-2db3071d89e6,2345678901234,1,GadgetPlace,2024-11-15T13:32:04Z
7db3f61c-8c9a-4276-9765-1cc497fe3665,8901234567890,1,GadgetPlace,2025-03-22T13:52:06Z
44b0d7c8-f52a-4cac-a89a-97a2433aa17e,6543210987654,2,TechLoja,2024-10-18T10:53:07Z
08429446-07e0-4abc-9207-a3efa261ae47,9876543210987,1,GadgetPlace,2025-06-03T03:29:52Z
551d67af-85d7-4651-b16c-72f3dcc52dd4,6543210987654,1,TechLoja,2025-04-05T06:00:01Z
760f6ec9-2b1b-40cf-83ad-9313d5c71959,3456789012345,3,TechLoja,2024-11-27T11:54:37Z
029e198a-c066-46ed-a7f6-60f9ef14a7a8,5678901234567,2,TechLoja,2025-06-01T08:54:30Z
50a249e9-e9cd-4ac3-9317-ff7cca179a89,2345678901234,2,GadgetPlace,2025-06-06T08:32:26Z
2274956c-8734-4b96-af82-92efffe1fb1f,7890123456789,2,TechLoja,2025-02-02T15:56:50Z
e336b0db-da24-4689-bbfb-c7d929da01ff,3456789012345,1,GadgetPlace,2025-03-25T02:32:26Z
de3b0c93-6018-4e51-baa3-19a266624cbd,4321098765432,1,GadgetPlace,2024-10-31T00:17:38Z
7b72425c-6aab-4446-a500-d51e9dd01573,2345678901234,1,TechLoja,2025-02-01T15:07:46Z
975de463-521a-47d9-b04f-9758b876b3b9,9012345678901,1,TechLoja,2025-08-25T07:23:01Z
6d152a17-8869-4800-a44a-1ca2543bb51c,8765432109876,2,GadgetPlace,2025-09-15T04:34:39Z
ddd4ecd6-db34-4545-90aa-86792765ae40,9012345678901,1,GadgetPlace,2025-04-07T05:06:06Z
9a1aecc3-789c-4afa-a48c-2a74b670778c,5678901234567,1,TechLoja,2025-08-10T04:36:19Z
8ed13c94-6514-4781-9d52-bc2da400bcf2,5678901234567,1,TechLoja,2025-06-05T21:24:38Z
9c745a36-a083-4225-b904-96cdf047351c,7654321098765,1,GadgetPlace,2025-06-04T14:00:44Z
20c018b1-eae7-4de1-9102-01ed4c27d8a4,2345678901234,1,GadgetPlace,2025-01-03T02:16:44Z
a54bc909-9fef-47c1-ac25-13f251146e86,7654321098765,1,TechLoja,2024-11-21T09:43:12Z
0a39affd-1f84-41f6-b7aa-b5d0bb520ee9,4321098765432,1,GadgetPlace,2024-11-07T07:30:56Z
ca22925c-1091-4ba4-ac33-f161c88d1f08,3456789012345,1,GadgetPlace,2025-07-24T23:03:44Z
034e5d89-d910-45ca-aca6-3be396b2f7e2,6789012345678,1,GadgetPlace,2024-12-05T10:05:50Z
ee80974e-6f01-4b64-b5a7-2af1e04dc78e,7654321098765,1,TechLoja,2025-01-10T14:08:53Z
b27dca20-c680-4ed8-98ab-0904b686a94b,9012345678901,1,GadgetPlace,2025-06-15T03:41:25Z
695dfd41-0b9f-4658-9dbc-cc8fef3bc5a8,6543210987654,1,TechLoja,2024-12-11T09:09:47Z
8611a93c-6174-4355-a76c-eecccefb6ac5,4567890123456,1,TechLoja,2025-10-20T04:35:26Z
002b62c7-4f7f-43ec-8f95-b3c550af5e07,7890123456789,1,TechLoja,2025-05-06T06:23:04Z
734c5740-0004-43e0-9e39-d0dc9ab088fc,9012345678901,1,TechLoja,2025-10-23T08:23:36Z
06131aee-298f-45a4-b41c-a89afd4c4ec3,7654321098765,2,GadgetPlace,2025-10-12T15:40:13Z
fa3cd6dd-d5df-41b9-a52d-fdb15eedc04c,3456789012345,1,TechLoja,2025-09-09T11:45:58Z
01df99dc-2c79-4769-bd6d-c821907bc415,4567890123456,1,GadgetPlace,2024-10-02T07:16:41Z
dcb71e18-e311-4305-a880-f0737e3c3875,9876543210987,1,GadgetPlace,2025-10-26T02:35:18Z
40e37ec9-607e-42f8-9223-e61f702a0eb5,9012345678901,1,TechLoja,2024-10-27T02:13:24Z
3ded4ab8-3585-4e54-ba7a-279df6bff686,1234567890123,1,GadgetPlace,2025-08-08T21:00:46Z
d5f0f1ae-7678-4af9-95eb-44e5521f8f4a,8901234567890,1,TechLoja,2025-10-31T03:08:22Z
916c68ed-776c-405f-8815-2feaa2b4bcb3,3456789012345,3,TechLoja,2025-06-03T03:33:26Z
e8465e9b-5ee4-4530-a0c5-950712ea28a5,7654321098765,3,GadgetPlace,2025-07-21T20:26:47Z
8a079b7a-7517-4da5-9a8d-96618b30ce60,7654321098765,1,GadgetPlace,2025-03-01T11:22:36Z
eb5c14d4-bb64-4b6b-822e-e5c919267246,8765432109876,1,GadgetPlace,2024-11-27T20:46:39Z
63707a08-cee6-48a5-a148-d90ed0af7ff2,3456789012345,1,GadgetPlace,2025-04-17T04:52:00Z
03af846f-c4fd-436f-940a-180760033f50,6789012345678,1,TechLoja,2025-07-12T14:25:12Z
5782a41a-70ac-48c2-b788-423d0f78ba90,2345678901234,1,TechLoja,2025-02-09T13:16:38Z
c2b81838-87ad-4755-9479-e0793e46297b,3456789012345,2,GadgetPlace,2025-02-20T16:26:19Z
2cdc3654-be02-4dd3-8a7a-672c0a642766,1234567890123,3,TechLoja,2025-07-02T22:57:37Z
d4f2a8d4-8acc-46ea-9c5d-0615b456bf71,9012345678901,1,TechLoja,2025-05-06T13:09:02Z
87bc828d-6742-4249-9c6c-6296ab1cafc7,4321098765432,1,GadgetPlace,2025-10-12T05:08:30Z
72cc5ace-d66a-44b9-bf0d-4626dba68786,9876543210987,1,GadgetPlace,2025-02-08T01:38:15Z
a9882900-5953-4564-b1a3-ad3567884e3f,9876543210987,1,TechLoja,2024-11-03T22:52:38Z
596c203d-c5c7-457b-b728-4f89d63e7b84,5678901234567,2,GadgetPlace,2025-08-16T07:43:16Z
900cb32c-03ed-449a-9696-21c8b76ad212,4567890123456,1,TechLoja,2024-11-25T15:34:24Z
12a0f4e6-a05c-4c49-8619-217d6e5fc1ab,4567890123456,1,TechLoja,2025-07-09T20:25:52Z
06997d44-b21c-40bc-96ec-b98670631b03,9012345678901,1,GadgetPlace,2025-10-20T12:12:21Z
5be6c2a6-5f67-42b8-9343-30342d2fb56a,9876543210987,2,TechLoja,2025-02-03T02:38:07Z
e3c451aa-e5b7-4b5a-948f-5be84d431ff5,5678901234567,2,TechLoja,2024-10-18T16:16:58Z
80b2f33a-e6e0-477d-8fdb-68fced6a04ba,7654321098765,1,TechLoja,2025-10-02T22:43:18Z
b71b9488-02f7-4be1-bfab-099d44112f4e,8765432109876,1,GadgetPlace,2025-01-10T03:09:21Z
5db564b7-9a35-419a-b51c-fb80fe20d52d,4321098765432,1,GadgetPlace,2025-01-31T05:22:05Z
36e06c12-53e2-4253-be9d-cfee10c5b0d0,7890123456789,1,TechLoja,2025-06-14T09:12:45Z
a77f5bdd-6b3e-493f-9b14-c3b43307582a,9876543210987,2,GadgetPlace,2025-03-04T15:03:44Z
e94a0561-d3c4-4907-81b7-f5d137720c9e,8765432109876,1,GadgetPlace,2025-03-27T05:52:17Z
48bd97ff-d790-472a-b751-f35ceebc79bf,6789012345678,1,GadgetPlace,2025-09-19T02:36:36Z
9636d0a8-eaee-4446-864e-790c5d62cdea,3456789012345,1,GadgetPlace,2024-10-03T17:23:55Z
316cc642-a0c1-4246-b94a-2f751b4e8eb1,9876543210987,1,TechLoja,2024-12-30T13:41:14Z
c5268f3c-111b-40a8-8107-cb641675c88f,4567890123456,3,TechLoja,2025-05-05T07:24:05Z
2c54d457-0249-4cf2-a0eb-8f38cc5e2195,6789012345678,2,GadgetPlace,2025-06-27T12:44:00Z
03ae1fe1-cc9e-4483-8da2-9ce624f58d66,9876543210987,3,GadgetPlace,2025-03-28T21:07:20Z
6bf26876-91d6-4e5b-b57a-cc498e8a257b,5678901234567,1,TechLoja,2025-08-10T11:02:43Z
d87fa2de-a7c7-4c0d-b1d3-ce49689917ca,7654321098765,2,TechLoja,2025-03-25T17:26:47Z
6be512c1-1ecf-483e-b9e4-893e1816a555,7890123456789,1,GadgetPlace,2025-07-27T19:02:05Z
548226a7-09e0-4ae9-819a-97a4e62df5c9,2345678901234,1,GadgetPlace,2025-01-05T02:14:05Z
4a4f8754-6afd-4366-bc81-c7f8dbdb6446,5678901234567,1,TechLoja,2025-03-17T17:30:31Z
c9ac1c01-825a-44f5-930a-ad6dd9228fc9,3456789012345,1,TechLoja,2025-08-20T17:52:06Z
3c929403-03cc-4c7c-a267-63289c47a16d,6789012345678,2,GadgetPlace,2025-03-29T01:36:21Z
ba80186f-1582-4a07-a5bd-3bc43c0ff88a,9012345678901,1,GadgetPlace,2025-06-09T21:33:20Z
8e31405c-91dc-4e28-b5e9-6cb0609725e1,8901234567890,2,TechLoja,2025-06-15T23:36:26Z
837fb758-5b80-41bc-8961-25c1bc7c39f7,2345678901234,1,TechLoja,2025-10-17T23:57:41Z
a76d8bef-2224-479f-8245-2edf3e936e62,1234567890123,2,GadgetPlace,2025-03-25T09:00:00Z
c89f725b-8875-438e-8244-c42cb8bb589f,8765432109876,1,TechLoja,2025-06-12T14:09:25Z
0889514d-7fc5-414b-8faf-b28f5f6846cf,4321098765432,2,TechLoja,2024-10-29T12:23:58Z
85118f33-7400-4ecf-a511-68b197619fe1,7890123456789,2,GadgetPlace,2025-04-21T09:00:09Z
815f3dd6-3ffd-4d33-bae1-17826e749e08,4321098765432,1,TechLoja,2025-08-24T21:06:03Z
866cb38c-b9f5-40e6-8e7e-15327fa118b1,4567890123456,1,GadgetPlace,2025-06-30T17:49:14Z
e29514d5-5702-4217-b0bc-eda0fc92c9d9,3456789012345,1,GadgetPlace,2024-11-18T15:02:47Z
bf7511e4-5219-4a96-8969-9194b0996577,3456789012345,2,GadgetPlace,2025-03-13T13:52:17Z
35c7b448-7efe-4378-8ba7-f2be289880e6,8901234567890,1,TechLoja,2025-06-08T04:09:59Z
7a9951a1-c960-49fd-bd1e-28c6d05f4a7a,5678901234567,2,GadgetPlace,2025-04-28T01:00:37Z
8a7a1113-f0a8-4d27-93de-d60b2a48e601,9012345678901,1,TechLoja,2025-05-17T19:04:59Z
548cb08d-9937-4ef5-8d7c-ac15d37b8f07,6789012345678,1,GadgetPlace,2025-06-22T13:47:56Z
16678aba-f224-4cad-afbd-7ce8018abc02,1234567890123,1,TechLoja,2025-05-12T05:05:43Z
811e1815-4b7a-42ac-bba3-7b4c87b36aa7,4567890123456,1,TechLoja,2025-08-30T17:29:28Z
03e50e67-5c3f-43f6-9c81-0fe5474026f4,6543210987654,2,TechLoja,2025-03-04T14:07:23Z
3a880eef-a556-4bae-9a34-c3127a4cb86e,4567890123456,1,TechLoja,2025-03-28T14:44:54Z
bc666052-f027-4d8c-87d2-7540b450e11a,3456789012345,1,GadgetPlace,2025-08-17T05:26:41Z
f50f90ad-ae98-499b-8bc8-adbd88091c0f,4321098765432,1,GadgetPlace,2025-02-26T18:30:57Z
6ba0176f-398a-4f8d-a343-caae62f56f00,1234567890123,1,TechLoja,2024-12-09T12:33:25Z
da65dadd-ec4c-4510-b688-b989aa40edb9,3456789012345,1,TechLoja,2025-03-03T02:37:31Z
28bb359e-ffa4-48e8-a327-c80e8e7efdc4,6543210987654,2,GadgetPlace,2025-05-19T22:59:58Z
dad6c0a4-21b6-47e5-b057-07e5ccbcc7b8,9876543210987,2,GadgetPlace,2025-06-24T10:58:17Z
de0a61b1-cd51-4bd8-8af7-349dae008dc5,7654321098765,1,TechLoja,2025-03-09T09:10:17Z
4f03b7bb-20e1-4088-8f62-9c416f85f716,7654321098765,3,TechLoja,2025-10-31T07:05:14Z
4b3735ee-ff08-4ce7-bf49-2fe840382fa1,6789012345678,1,TechLoja,2024-11-27T00:38:01Z
d58f0797-185e-493a-a1db-a5c0b165c970,9876543210987,1,TechLoja,2025-01-24T08:09:16Z
e76d8721-e5a2-4bcb-9599-ae8852fea2b5,5678901234567,1,GadgetPlace,2025-08-31T03:43:40Z
f0f0d0e7-7c13-4621-9334-43551ebfc469,8901234567890,2,GadgetPlace,2024-10-20T22:45:39Z
8bf9545d-9630-4e25-8d5b-061c874c2f7a,8765432109876,3,TechLoja,2025-04-30T12:49:03Z
1408ba04-e4c4-4f46-a61a-c3b59a310492,4321098765432,1,TechLoja,2025-10-06T03:32:20Z
b91fad6a-1d57-45bb-b8eb-a8db93ba98ca,8901234567890,1,GadgetPlace,2025-07-31T05:44:26Z
4e81949c-02b1-48bc-9234-17766eae296e,5678901234567,2,TechLoja,2025-05-16T14:35:48Z
8d1a8f22-1552-4697-ba88-99903d90a9eb,3456789012345,1,GadgetPlace,2025-01-24T12:06:23Z
c14e0bac-2773-40a8-944c-ef7cc56bcc9d,8901234567890,1,TechLoja,2025-03-02T01:09:57Z
c8cf2494-15ba-4254-b5fd-3943c9f9f53d,8765432109876,1,GadgetPlace,2025-05-11T13:26:49Z
e175fe38-07d2-4a2b-993f-f7650ea0a61f,3456789012345,1,TechLoja,2025-11-04T02:41:34Z
b10aef50-25ef-4b95-b43c-2a7cc05f1612,7654321098765,1,GadgetPlace,2025-05-31T12:46:01Z
8fce1092-675c-4d92-9656-6ab18f8c76e9,4321098765432,1,GadgetPlace,2025-03-28T04:01:19Z
d5e9a9cc-defa-4692-94d5-9e67e66dbf3c,7654321098765,1,TechLoja,2025-11-05T07:08:37Z
af096982-b115-43e8-81f4-d1a9461162d7,9012345678901,1,TechLoja,2024-10-09T10:26:34Z
2ce9c3dc-0f67-4ae5-a84e-c55332a822dd,9012345678901,1,TechLoja,2025-10-02T16:21:57Z
c8c69b8c-6ed1-4a81-8954-c796f244d31f,6543210987654,1,TechLoja,2025-06-24T02:02:42Z
809f54d9-8b19-4099-b469-9596429bd607,8765432109876,1,TechLoja,2024-10-29T12:10:41Z
b0a844a7-6db1-4135-a0ce-b5befda5f1f4,3456789012345,2,TechLoja,2025-02-21T04:43:14Z
79fd224b-c88e-4ffa-a664-ec787d84b93e,4567890123456,1,TechLoja,2024-10-20T17:29:48Z
80dfe762-94de-47c0-9a9b-c46384437d69,1234567890123,1,TechLoja,2025-08-04T18:06:47Z
b6ff7778-bb76-4fb0-82da-86d9700f6511,6543210987654,1,TechLoja,2025-05-29T17:06:37Z
15a0a066-c62e-40b2-9739-51363f2c77fb,3456789012345,1,GadgetPlace,2025-07-10T23:09:44Z
0d66b7a4-9b23-4561-a3d7-634d840b6b87,2345678901234,3,TechLoja,2025-05-30T17:29:47Z
2af69b39-d397-4f4e-812c-5379625203b1,8901234567890,1,GadgetPlace,2024-11-20T13:48:59Z
aac4425e-9261-4415-b7a0-a4303d2c142b,3456789012345,1,GadgetPlace,2024-11-13T16:06:57Z
52745e2a-355f-4821-bb52-4310c542b459,4321098765432,1,GadgetPlace,2024-10-04T04:53:28Z
4ab9f00c-a76e-4559-be75-bea7b64e2484,2345678901234,1,GadgetPlace,2025-06-08T22:26:59Z
427ddc2a-7904-4163-9d9d-085dd950952a,5678901234567,1,GadgetPlace,2024-12-17T06:19:25Z
2063e8fa-19c6-4ceb-ad68-17e5cee346c8,3456789012345,1,GadgetPlace,2025-02-03T07:40:03Z
92c60a73-0847-416c-b255-82d4c3bd6974,8901234567890,1,GadgetPlace,2025-07-15T06:54:08Z
025bb3d5-6ea2-4ebc-b234-1cbfb8290b02,6543210987654,1,TechLoja,2025-03-11T19:30:44Z
85947501-fd66-4acc-9927-fe27b78b5952,4567890123456,1,TechLoja,2025-05-02T03:49:24Z
88bd2c04-61a8-4a7b-80ba-d9180c5f3224,4567890123456,1,TechLoja,2025-05-30T21:29:02Z
aab7e6ed-bb39-4bd2-a91c-d45a2f82912b,7654321098765,2,GadgetPlace,2024-11-25T02:01:12Z
4f2eddc7-9d04-4378-a564-0e16cdbc43ec,9876543210987,1,TechLoja,2024-12-09T20:42:25Z
ffd955fb-ab07-416f-a649-b26d29af30d1,8765432109876,1,TechLoja,2025-01-12T01:39:42Z
8cd31701-598f-4f0f-adbc-f79efcc6e53a,8765432109876,1,GadgetPlace,2024-12-15T23:33:26Z
2c01871d-6c1a-45b2-850f-c8acb1604a41,6789012345678,1,GadgetPlace,2025-01-03T05:21:54Z
37dd3a85-6ec7-41b6-96c0-e5b471d4bec6,2345678901234,1,TechLoja,2025-06-25T12:36:15Z
52748c5f-2232-4f92-933b-c3be25fc26d8,8765432109876,1,GadgetPlace,2024-10-25T20:47:31Z
f8757524-246a-45b6-8ef3-9dd59efaba94,4321098765432,2,TechLoja,2024-12-14T08:13:37Z
cd5e62d3-7db2-4467-adce-5f18757728c6,6789012345678,2,TechLoja,2025-08-27T13:43:15Z
536e86eb-f0fe-49ef-81ad-f849c80d478a,6789012345678,1,TechLoja,2025-05-12T01:52:55Z
793515e4-85f8-49a3-bf1b-ed77de918288,1234567890123,2,GadgetPlace,2025-10-17T04:31:49Z
1218b162-da3a-4260-ad6c-188c47d96fd3,4567890123456,1,GadgetPlace,2025-03-22T12:06:43Z
94cdc45c-b7ca-4a78-b5d0-87463b9c6fe0,3456789012345,1,TechLoja,2025-04-11T03:41:12Z
d57d09be-1faf-4f6e-9767-fa822462a0ed,7654321098765,1,TechLoja,2024-10-15T06:57:34Z
459f1123-d4aa-4d41-9420-ba5b1605fac1,8901234567890,1,TechLoja,2025-02-19T10:28:27Z
6024636b-bef1-40f4-856a-898600e5ad99,6543210987654,1,TechLoja,2024-12-13T18:44:48Z
d37d53f3-9b62-4429-955f-29ff81c453d2,4321098765432,1,TechLoja,2025-02-22T16:36:11Z
0884671d-36b8-4049-9b16-29bcf8cafca4,9876543210987,1,GadgetPlace,2025-10-26T18:17:41Z
36ab8cd0-2d08-4634-8957-7b2bdf07d85e,5678901234567,1,TechLoja,2024-12-12T13:26:17Z
dd837ea5-00ba-48bc-bffd-77f082d569f7,7654321098765,1,GadgetPlace,2025-04-05T01:25:37Z
d9570e67-10dd-41d6-a13c-74afee840417,3456789012345,3,TechLoja,2024-12-12T00:21:34Z
bc14dc58-dde0-4e65-87a2-27b88d7affc7,3456789012345,1,GadgetPlace,2025-01-07T11:31:24Z
24bb1af1-b6cd-44cc-bc7a-fab969bfb9b1,6543210987654,2,TechLoja,2025-10-02T10:52:51Z
17bf7e84-21a7-4270-b9ea-ea6b1dda98ac,4321098765432,1,TechLoja,2025-05-08T10:03:34Z
78b31ec1-6553-4291-b8c1-d0403c9d2b7e,3456789012345,1,TechLoja,2024-11-12T16:42:06Z
0d0c06ed-a8dc-45b4-8d4f-d5c5593a1859,8901234567890,1,TechLoja,2025-08-27T05:18:21Z
9d79c15f-6a9e-4f7e-b4ac-6798bdac0a54,9012345678901,1,TechLoja,2024-11-30T07:37:13Z
d89bdab4-5220-40a5-9d21-7cf1c947ad2d,6789012345678,1,TechLoja,2024-10-04T14:45:38Z
86d9aaf7-2e1d-462b-ad53-de6b644ec49f,8901234567890,1,TechLoja,2025-01-08T11:29:13Z
ffc0c947-e38f-48dc-b934-9dd542820d89,9876543210987,2,TechLoja,2024-10-05T01:11:04Z
39be56c8-aa64-47a6-aaa3-1a0ce78dce40,3456789012345,1,GadgetPlace,2025-09-28T07:28:44Z
d3b7b1ec-2125-431c-829a-cacb50d28e0b,7654321098765,2,GadgetPlace,2025-05-19T15:56:26Z
b42da937-cba7-4edd-8429-f77f1f1ba763,6543210987654,1,TechLoja,2025-02-10T02:46:46Z
2567e075-1b59-46d2-a09f-c5c14f0c29cc,7654321098765,1,TechLoja,2025-04-12T14:36:05Z
2313c202-569e-48e4-a3d5-21a26618d2e2,3456789012345,3,TechLoja,2025-11-05T04:48:34Z
a9b55e5c-6c2d-4e8a-9345-de739f467042,5678901234567,1,GadgetPlace,2024-12-13T02:54:24Z
f8ff8859-be94-478e-bd44-ea4a91afc9c9,1234567890123,2,GadgetPlace,2025-11-07T18:41:18Z
df8e90bd-b894-4ea2-851c-2d74e854fb97,8765432109876,1,TechLoja,2024-11-26T01:21:06Z
c44fe0fa-fbe4-47b7-ad70-e951a4a26cfc,5678901234567,1,GadgetPlace,2025-04-18T19:52:59Z
dda09957-4851-4cd6-a641-d356ded8a04c,4321098765432,2,TechLoja,2025-10-24T01:05:49Z
f12d74f7-7ff6-4e57-98c8-ebbbe6aca716,4321098765432,1,GadgetPlace,2025-05-08T13:25:41Z
f21848f9-816f-4653-b0ff-dcce03437c05,9012345678901,1,GadgetPlace,2025-10-24T12:15:39Z
807f1bfb-e940-475b-9828-b9541f9f0232,4567890123456,2,GadgetPlace,2025-01-29T23:20:49Z
eeb4edbf-17ce-47d0-a414-3303b91cac5d,2345678901234,1,TechLoja,2024-12-28T00:47:39Z
d7a0290e-2194-4749-819d-1abea5f6a2da,5678901234567,3,GadgetPlace,2025-10-28T11:48:26Z
e9802c37-132d-46b0-b7fe-3e7db48fb559,3456789012345,1,TechLoja,2025-08-11T21:53:58Z
7a7459b6-b876-4bd0-a307-d213b76008e2,5678901234567,1,TechLoja,2025-03-24T00:44:28Z
523c8fc7-0404-4c1b-b7f0-e8997f9494ff,4567890123456,1,GadgetPlace,2024-10-14T09:12:22Z
f2c806b7-eef2-4756-9a3f-1f52668f7761,3456789012345,1,TechLoja,2025-03-18T17:44:12Z
fca2e550-3d08-426c-bb15-050f37e75adf,6789012345678,3,TechLoja,2025-04-12T03:56:13Z
28eb1ca8-a8c7-450a-805c-34dc78bdf6fb,4321098765432,1,TechLoja,2025-04-15T02:21:27Z
5a0dc0a2-5449-4909-b022-81e10a0dddb1,8901234567890,3,GadgetPlace,2024-10-27T10:10:06Z
35be2c6a-fa0c-4646-9e1d-d32460131f23,3456789012345,1,TechLoja,2025-05-03T07:37:37Z
b204374d-974c-4696-a6d4-d4d826478787,2345678901234,1,GadgetPlace,2025-04-19T14:57:01Z
625bd248-7d49-47cb-9d39-40303643ebf4,4321098765432,2,GadgetPlace,2025-01-27T08:16:56Z
99be6820-a055-4948-bbf1-6e1691d2fc9f,4567890123456,1,GadgetPlace,2025-09-05T01:07:37Z
