sku,product_name,barcode,price,availability,timestamp
902,SuperPhone X1,1234567890123,3990.00,Backorder,2025-11-10T00:00:00Z
903,ProPhone Max 12,9876543210987,"",In Stock,2025-11-10T00:00:00Z
904,MediaPad G5,4567890123456,1950.50,In Stock,2025-11-10T00:00:00Z
905,BudgetPhone A3,8765432109876,2350.00,Backorder,2025-11-10T00:00:00Z
906,Quantum Z,2345678901234,2290.00,Backorder,2025-11-10T00:00:00Z
907,Apex 5G,7654321098765,4100.00,In Stock,2025-11-10T00:00:00Z
908,Stellar Note,3456789012345,6150.00,Backorder,2025-11-10T00:00:00Z
909,Horizon Fold,6543210987654,9999.00,Out of Stock,2025-11-10T00:00:00Z
910,Eon 9 Pro,5678901234567,3149.90,Out of Stock,2025-11-10T00:00:00Z
911,Velocity 100,4321098765432,5100.00,Out of Stock,2025-11-10T00:00:00Z
912,Galaxy S23,7890123456789,5399.00,In Stock,2025-11-10T00:00:00Z
913,iPhone 15 Pro,8901234567890,8250.00,Out of Stock,2025-11-10T00:00:00Z
914,Pixel 8,6789012345678,3800.00,Out of Stock,2025-11-10T00:00:00Z
915,Moto G84,9012345678901,1749.00,Backorder,2025-11-10T00:00:00Z
916,ZenFone 10,3456789012345,4500.00,Out of Stock,2025-11-10T00:00:00Z
917,SuperPhone X1,1234567890123,3990.00,In Stock,2025-11-10T00:00:00Z
918,ProPhone Max 12,9876543210987,"",Backorder,2025-11-10T00:00:00Z
919,MediaPad G5,4567890123456,1950.50,In Stock,2025-11-10T00:00:00Z
920,BudgetPhone A3,8765432109876,2350.00,Out of Stock,2025-11-10T00:00:00Z
921,Quantum Z,2345678901234,2290.00,In Stock,2025-11-10T00:00:00Z
922,Apex 5G,7654321098765,4100.00,In Stock,2025-11-10T00:00:00Z
923,Stellar Note,3456789012345,6150.00,In Stock,2025-11-10T00:00:00Z
924,Horizon Fold,6543210987654,9999.00,Out of Stock,2025-11-10T00:00:00Z
925,Eon 9 Pro,5678901234567,3149.90,In Stock,2025-11-10T00:00:00Z
926,Velocity 100,4321098765432,5100.00,Backorder,2025-11-10T00:00:00Z
927,Galaxy S23,7890123456789,5399.00,Backorder,2025-11-10T00:00:00Z
928,iPhone 15 Pro,8901234567890,8250.00,Backorder,2025-11-10T00:00:00Z
929,Pixel 8,6789012345678,3800.00,Backorder,2025-11-10T00:00:00Z
930,Moto G84,9012345678901,1749.00,Out of Stock,2025-11-10T00:00:00Z
931,ZenFone 10,3456789012345,4500.00,Out of Stock,2025-11-10T00:00:00Z
932,SuperPhone X1,1234567890123,3990.00,Backorder,2025-11-10T00:00:00Z
933,ProPhone Max 12,9876543210987,"",Out of Stock,2025-11-10T00:00:00Z
934,MediaPad G5,4567890123456,1950.50,Backorder,2025-11-10T00:00:00Z
935,BudgetPhone A3,8765432109876,2350.00,Out of Stock,2025-11-10T00:00:00Z
936,Quantum Z,2345678901234,2290.00,In Stock,2025-11-10T00:00:00Z
937,Apex 5G,7654321098765,4100.00,Backorder,2025-11-10T00:00:00Z
938,Stellar Note,3456789012345,6150.00,Backorder,2025-11-10T00:00:00Z
939,Horizon Fold,6543210987654,9999.00,Out of Stock,2025-11-10T00:00:00Z
940,Eon 9 Pro,5678901234567,3149.90,In Stock,2025-11-10T00:00:00Z
941,Velocity 100,4321098765432,5100.00,Out of Stock,2025-11-10T00:00:00Z
942,Galaxy S23,7890123456789,5399.00,Out of Stock,2025-11-10T00:00:00Z
943,iPhone 15 Pro,8901234567890,8250.00,In Stock,2025-11-10T00:00:00Z
944,Pixel 8,6789012345678,3800.00,Backorder,2025-11-10T00:00:00Z
945,Moto G84,9012345678901,1749.00,Backorder,2025-11-10T00:00:00Z
946,ZenFone 10,3456789012345,4500.00,Backorder,2025-11-10T00:00:00Z
947,SuperPhone X1,1234567890123,3990.00,Backorder,2025-11-10T00:00:00Z
948,ProPhone Max 12,9876543210987,"",In Stock,2025-11-10T00:00:00Z
949,MediaPad G5,4567890123456,1950.50,Out of Stock,2025-11-10T00:00:00Z
950,BudgetPhone A3,8765432109876,2350.00,Backorder,2025-11-10T00:00:00Z
951,Quantum Z,2345678901234,2290.00,In Stock,2025-11-10T00:00:00Z
952,Apex 5G,7654321098765,4100.00,In Stock,2025-11-10T00:00:00Z
953,Stellar Note,3456789012345,6150.00,In Stock,2025-11-10T00:00:00Z
954,Horizon Fold,6543210987654,9999.00,Backorder,2025-11-10T00:00:00Z
955,Eon 9 Pro,5678901234567,3149.90,Backorder,2025-11-10T00:00:00Z
956,Velocity 100,4321098765432,5100.00,Backorder,2025-11-10T00:00:00Z
957,Galaxy S23,7890123456789,5399.00,Out of Stock,2025-11-10T00:00:00Z
958,iPhone 15 Pro,8901234567890,8250.00,In Stock,2025-11-10T00:00:00Z
959,Pixel 8,6789012345678,3800.00,Out of Stock,2025-11-10T00:00:00Z
960,Moto G84,9012345678901,1749.00,In Stock,2025-11-10T00:00:00Z
961,ZenFone 10,3456789012345,4500.00,Backorder,2025-11-10T00:00:00Z
962,SuperPhone X1,1234567890123,3990.00,In Stock,2025-11-10T00:00:00Z
963,ProPhone Max 12,9876543210987,"",Out of Stock,2025-11-10T00:00:00Z
964,MediaPad G5,4567890123456,1950.50,Out of Stock,2025-11-10T00:00:00Z
965,BudgetPhone A3,8765432109876,2350.00,In Stock,2025-11-10T00:00:00Z
966,Quantum Z,2345678901234,2290.00,Out of Stock,2025-11-10T00:00:00Z
967,Apex 5G,7654321098765,4100.00,Out of Stock,2025-11-10T00:00:00Z
968,Stellar Note,3456789012345,6150.00,Backorder,2025-11-10T00:00:00Z
969,Horizon Fold,6543210987654,9999.00,Out of Stock,2025-11-10T00:00:00Z
970,Eon 9 Pro,5678901234567,3149.90,Backorder,2025-11-10T00:00:00Z
971,Velocity 100,4321098765432,5100.00,Backorder,2025-11-10T00:00:00Z
972,Galaxy S23,7890123456789,5399.00,Out of Stock,2025-11-10T00:00:00Z
973,iPhone 15 Pro,8901234567890,8250.00,Out of Stock,2025-11-10T00:00:00Z
974,Pixel 8,6789012345678,3800.00,In Stock,2025-11-10T00:00:00Z
975,Moto G84,9012345678901,1749.00,Backorder,2025-11-10T00:00:00Z
976,ZenFone 10,3456789012345,4500.00,In Stock,2025-11-10T00:00:00Z
977,SuperPhone X1,1234567890123,3990.00,Backorder,2025-11-10T00:00:00Z
978,ProPhone Max 12,9876543210987,"",Out of Stock,2025-11-10T00:00:00Z
979,MediaPad G5,4567890123456,1950.50,In Stock,2025-11-10T00:00:00Z
980,BudgetPhone A3,8765432109876,2350.00,In Stock,2025-11-10T00:00:00Z
981,Quantum Z,2345678901234,2290.00,Backorder,2025-11-10T00:00:00Z
982,Apex 5G,7654321098765,4100.00,Out of Stock,2025-11-10T00:00:00Z
983,Stellar Note,3456789012345,6150.00,Out of Stock,2025-11-10T00:00:00Z
984,Horizon Fold,6543210987654,9999.00,Out of Stock,2025-11-10T00:00:00Z
985,Eon 9 Pro,5678901234567,3149.90,Backorder,2025-11-10T00:00:00Z
986,Velocity 100,4321098765432,5100.00,Backorder,2025-11-10T00:00:00Z
987,Galaxy S23,7890123456789,5399.00,Out of Stock,2025-11-10T00:00:00Z
988,iPhone 15 Pro,8901234567890,8250.00,Backorder,2025-11-10T00:00:00Z
989,Pixel 8,6789012345678,3800.00,Backorder,2025-11-10T00:00:00Z
990,Moto G84,9012345678901,1749.00,Out of Stock,2025-11-10T00:00:00Z
991,ZenFone 10,3456789012345,4500.00,Out of Stock,2025-11-10T00:00:00Z
992,SuperPhone X1,1234567890123,3990.00,In Stock,2025-11-10T00:00:00Z
993,ProPhone Max 12,9876543210987,"",Out of Stock,2025-11-10T00:00:00Z
994,MediaPad G5,4567890123456,1950.50,Backorder,2025-11-10T00:00:00Z
995,BudgetPhone A3,8765432109876,2350.00,Backorder,2025-11-10T00:00:00Z
996,Quantum Z,2345678901234,2290.00,Backorder,2025-11-10T00:00:00Z
997,Apex 5G,7654321098765,4100.00,Backorder,2025-11-10T00:00:00Z
998,Stellar Note,3456789012345,6150.00,Out of Stock,2025-11-10T00:00:00Z
999,Horizon Fold,6543210987654,9999.00,In Stock,2025-11-10T00:00:00Z
1000,Eon 9 Pro,5678901234567,3149.90,Out of Stock,2025-11-10T00:00:00Z
1001,Velocity 100,4321098765432,5100.00,Backorder,2025-11-10T00:00:00Z
1002,Galaxy S23,7890123456789,5399.00,Backorder,2025-11-10T00:00:00Z
1003,iPhone 15 Pro,8901234567890,8250.00,Backorder,2025-11-10T00:00:00Z
1004,Pixel 8,6789012345678,3800.00,Backorder,2025-11-10T00:00:00Z
1005,Moto G84,9012345678901,1749.00,In Stock,2025-11-10T00:00:00Z
1006,ZenFone 10,3456789012345,4500.00,Backorder,2025-11-10T00:00:00Z
1007,SuperPhone X1,1234567890123,3990.00,Out of Stock,2025-11-10T00:00:00Z
1008,ProPhone Max 12,9876543210987,"",In Stock,2025-11-10T00:00:00Z
1009,MediaPad G5,4567890123456,1950.50,Out of Stock,2025-11-10T00:00:00Z
1010,BudgetPhone A3,8765432109876,2350.00,In Stock,2025-11-10T00:00:00Z
1011,Quantum Z,2345678901234,2290.00,In Stock,2025-11-10T00:00:00Z
1012,Apex 5G,7654321098765,4100.00,Backorder,2025-11-10T00:00:00Z
1013,Stellar Note,3456789012345,6150.00,Out of Stock,2025-11-10T00:00:00Z
1014,Horizon Fold,6543210987654,9999.00,Backorder,2025-11-10T00:00:00Z
1015,Eon 9 Pro,5678901234567,3149.90,Out of Stock,2025-11-10T00:00:00Z
1016,Velocity 100,4321098765432,5100.00,Backorder,2025-11-10T00:00:00Z
1017,Galaxy S23,7890123456789,5399.00,Backorder,2025-11-10T00:00:00Z
1018,iPhone 15 Pro,8901234567890,8250.00,Out of Stock,2025-11-10T00:00:00Z
1019,Pixel 8,6789012345678,3800.00,Out of Stock,2025-11-10T00:00:00Z
1020,Moto G84,9012345678901,1749.00,In Stock,2025-11-10T00:00:00Z
1021,ZenFone 10,3456789012345,4500.00,Backorder,2025-11-10T00:00:00Z
1022,SuperPhone X1,1234567890123,3990.00,In Stock,2025-11-10T00:00:00Z
1023,ProPhone Max 12,9876543210987,"",In Stock,2025-11-10T00:00:00Z
1024,MediaPad G5,4567890123456,1950.50,Out of Stock,2025-11-10T00:00:00Z
1025,BudgetPhone A3,8765432109876,2350.00,In Stock,2025-11-10T00:00:00Z
1026,Quantum Z,2345678901234,2290.00,Backorder,2025-11-10T00:00:00Z
1027,Apex 5G,7654321098765,4100.00,Out of Stock,2025-11-10T00:00:00Z
1028,Stellar Note,3456789012345,6150.00,Out of Stock,2025-11-10T00:00:00Z
1029,Horizon Fold,6543210987654,9999.00,Backorder,2025-11-10T00:00:00Z
1030,Eon 9 Pro,5678901234567,3149.90,Out of Stock,2025-11-10T00:00:00Z
1031,Velocity 100,4321098765432,5100.00,Backorder,2025-11-10T00:00:00Z
1032,Galaxy S23,7890123456789,5399.00,Out of Stock,2025-11-10T00:00:00Z
1033,iPhone 15 Pro,8901234567890,8250.00,Backorder,2025-11-10T00:00:00Z
1034,Pixel 8,6789012345678,3800.00,In Stock,2025-11-10T00:00:00Z
1035,Moto G84,9012345678901,1749.00,Out of Stock,2025-11-10T00:00:00Z
1036,ZenFone 10,3456789012345,4500.00,In Stock,2025-11-10T00:00:00Z
1037,SuperPhone X1,1234567890123,3990.00,In Stock,2025-11-10T00:00:00Z
1038,ProPhone Max 12,9876543210987,"",Out of Stock,2025-11-10T00:00:00Z
1039,MediaPad G5,4567890123456,1950.50,In Stock,2025-11-10T00:00:00Z
1040,BudgetPhone A3,8765432109876,2350.00,Backorder,2025-11-10T00:00:00Z
1041,Quantum Z,2345678901234,2290.00,In Stock,2025-11-10T00:00:00Z
1042,Apex 5G,7654321098765,4100.00,Out of Stock,2025-11-10T00:00:00Z
1043,Stellar Note,3456789012345,6150.00,Out of Stock,2025-11-10T00:00:00Z
1044,Horizon Fold,6543210987654,9999.00,Backorder,2025-11-10T00:00:00Z
1045,Eon 9 Pro,5678901234567,3149.90,Out of Stock,2025-11-10T00:00:00Z
1046,Velocity 100,4321098765432,5100.00,Out of Stock,2025-11-10T00:00:00Z
1047,Galaxy S23,7890123456789,5399.00,Out of Stock,2025-11-10T00:00:00Z
1048,iPhone 15 Pro,8901234567890,8250.00,Out of Stock,2025-11-10T00:00:00Z
1049,Pixel 8,6789012345678,3800.00,Backorder,2025-11-10T00:00:00Z
1050,Moto G84,9012345678901,1749.00,Out of Stock,2025-11-10T00:00:00Z
1051,ZenFone 10,3456789012345,4500.00,Out of Stock,2025-11-10T00:00:00Z
1052,SuperPhone X1,1234567890123,3990.00,Backorder,2025-11-10T00:00:00Z
1053,ProPhone Max 12,9876543210987,"",Backorder,2025-11-10T00:00:00Z
1054,MediaPad G5,4567890123456,1950.50,Out of Stock,2025-11-10T00:00:00Z
1055,BudgetPhone A3,8765432109876,2350.00,Out of Stock,2025-11-10T00:00:00Z
1056,Quantum Z,2345678901234,2290.00,Out of Stock,2025-11-10T00:00:00Z
1057,Apex 5G,7654321098765,4100.00,Out of Stock,2025-11-10T00:00:00Z
1058,Stellar Note,3456789012345,6150.00,In Stock,2025-11-10T00:00:00Z
1059,Horizon Fold,6543210987654,9999.00,Out of Stock,2025-11-10T00:00:00Z
1060,Eon 9 Pro,5678901234567,3149.90,Out of Stock,2025-11-10T00:00:00Z
1061,Velocity 100,4321098765432,5100.00,In Stock,2025-11-10T00:00:00Z
1062,Galaxy S23,7890123456789,5399.00,Backorder,2025-11-10T00:00:00Z
1063,iPhone 15 Pro,8901234567890,8250.00,In Stock,2025-11-10T00:00:00Z
1064,Pixel 8,6789012345678,3800.00,Backorder,2025-11-10T00:00:00Z
1065,Moto G84,9012345678901,1749.00,Backorder,2025-11-10T00:00:00Z
1066,ZenFone 10,3456789012345,4500.00,Out of Stock,2025-11-10T00:00:00Z
1067,SuperPhone X1,1234567890123,3990.00,Backorder,2025-11-10T00:00:00Z
1068,ProPhone Max 12,9876543210987,"",In Stock,2025-11-10T00:00:00Z
1069,MediaPad G5,4567890123456,1950.50,Backorder,2025-11-10T00:00:00Z
1070,BudgetPhone A3,8765432109876,2350.00,Out of Stock,2025-11-10T00:00:00Z
1071,Quantum Z,2345678901234,2290.00,Out of Stock,2025-11-10T00:00:00Z
1072,Apex 5G,7654321098765,4100.00,In Stock,2025-11-10T00:00:00Z
1073,Stellar Note,3456789012345,6150.00,Out of Stock,2025-11-10T00:00:00Z
1074,Horizon Fold,6543210987654,9999.00,Backorder,2025-11-10T00:00:00Z
1075,Eon 9 Pro,5678901234567,3149.90,In Stock,2025-11-10T00:00:00Z
1076,Velocity 100,4321098765432,5100.00,Backorder,2025-11-10T00:00:00Z
1077,Galaxy S23,7890123456789,5399.00,Backorder,2025-11-10T00:00:00Z
1078,iPhone 15 Pro,8901234567890,8250.00,Backorder,2025-11-10T00:00:00Z
1079,Pixel 8,6789012345678,3800.00,Out of Stock,2025-11-10T00:00:00Z
1080,Moto G84,9012345678901,1749.00,Out of Stock,2025-11-10T00:00:00Z
1081,ZenFone 10,3456789012345,4500.00,In Stock,2025-11-10T00:00:00Z
1082,SuperPhone X1,1234567890123,3990.00,In Stock,2025-11-10T00:00:00Z
1083,ProPhone Max 12,9876543210987,"",Out of Stock,2025-11-10T00:00:00Z
1084,MediaPad G5,4567890123456,1950.50,Out of Stock,2025-11-10T00:00:00Z
1085,BudgetPhone A3,8765432109876,2350.00,Backorder,2025-11-10T00:00:00Z
1086,Quantum Z,2345678901234,2290.00,In Stock,2025-11-10T00:00:00Z
1087,Apex 5G,7654321098765,4100.00,In Stock,2025-11-10T00:00:00Z
1088,Stellar Note,3456789012345,6150.00,Out of Stock,2025-11-10T00:00:00Z
1089,Horizon Fold,6543210987654,9999.00,In Stock,2025-11-10T00:00:00Z
1090,Eon 9 Pro,5678901234567,3149.90,Backorder,2025-11-10T00:00:00Z
1091,Velocity 100,4321098765432,5100.00,In Stock,2025-11-10T00:00:00Z
1092,Galaxy S23,7890123456789,5399.00,Out of Stock,2025-11-10T00:00:00Z
1093,iPhone 15 Pro,8901234567890,8250.00,Out of Stock,2025-11-10T00:00:00Z
1094,Pixel 8,6789012345678,3800.00,Out of Stock,2025-11-10T00:00:00Z
1095,Moto G84,9012345678901,1749.00,Backorder,2025-11-10T00:00:00Z
1096,ZenFone 10,3456789012345,4500.00,In Stock,2025-11-10T00:00:00Z
1097,SuperPhone X1,1234567890123,3990.00,Out of Stock,2025-11-10T00:00:00Z
1098,ProPhone Max 12,9876543210987,"",Out of Stock,2025-11-10T00:00:00Z
1099,MediaPad G5,4567890123456,1950.50,In Stock,2025-11-10T00:00:00Z
1100,BudgetPhone A3,8765432109876,2350.00,Out of Stock,2025-11-10T00:00:00Z
1101,Quantum Z,2345678901234,2290.00,Backorder,2025-11-10T00:00:00Z
1102,Apex 5G,7654321098765,4100.00,Backorder,2025-11-10T00:00:00Z
1103,Stellar Note,3456789012345,6150.00,Out of Stock,2025-11-10T00:00:00Z
1104,Horizon Fold,6543210987654,9999.00,In Stock,2025-11-10T00:00:00Z
1105,Eon 9 Pro,5678901234567,3149.90,In Stock,2025-11-10T00:00:00Z
1106,Velocity 100,4321098765432,5100.00,Out of Stock,2025-11-10T00:00:00Z
1107,Galaxy S23,7890123456789,5399.00,Backorder,2025-11-10T00:00:00Z
1108,iPhone 15 Pro,8901234567890,8250.00,Out of Stock,2025-11-10T00:00:00Z
1109,Pixel 8,6789012345678,3800.00,In Stock,2025-11-10T00:00:00Z
1110,Moto G84,9012345678901,1749.00,Backorder,2025-11-10T00:00:00Z
1111,ZenFone 10,3456789012345,4500.00,Out of Stock,2025-11-10T00:00:00Z
1112,SuperPhone X1,1234567890123,3990.00,In Stock,2025-11-10T00:00:00Z
1113,ProPhone Max 12,9876543210987,"",Out of Stock,2025-11-10T00:00:00Z
1114,MediaPad G5,4567890123456,1950.50,Out of Stock,2025-11-10T00:00:00Z
1115,BudgetPhone A3,8765432109876,2350.00,In Stock,2025-11-10T00:00:00Z
1116,Quantum Z,2345678901234,2290.00,Backorder,2025-11-10T00:00:00Z
1117,Apex 5G,7654321098765,4100.00,Backorder,2025-11-10T00:00:00Z
1118,Stellar Note,3456789012345,6150.00,In Stock,2025-11-10T00:00:00Z
1119,Horizon Fold,6543210987654,9999.00,Out of Stock,2025-11-10T00:00:00Z
1120,Eon 9 Pro,5678901234567,3149.90,In Stock,2025-11-10T00:00:00Z
1121,Velocity 100,4321098765432,5100.00,In Stock,2025-11-10T00:00:00Z
1122,Galaxy S23,7890123456789,5399.00,Out of Stock,2025-11-10T00:00:00Z
1123,iPhone 15 Pro,8901234567890,8250.00,Backorder,2025-11-10T00:00:00Z
1124,Pixel 8,6789012345678,3800.00,Backorder,2025-11-10T00:00:00Z
1125,Moto G84,9012345678901,1749.00,Backorder,2025-11-10T00:00:00Z
1126,ZenFone 10,3456789012345,4500.00,In Stock,2025-11-10T00:00:00Z
1127,SuperPhone X1,1234567890123,3990.00,In Stock,2025-11-10T00:00:00Z
1128,ProPhone Max 12,9876543210987,"",In Stock,2025-11-10T00:00:00Z
1129,MediaPad G5,4567890123456,1950.50,Out of Stock,2025-11-10T00:00:00Z
1130,BudgetPhone A3,8765432109876,2350.00,In Stock,2025-11-10T00:00:00Z
1131,Quantum Z,2345678901234,2290.00,In Stock,2025-11-10T00:00:00Z
1132,Apex 5G,7654321098765,4100.00,Out of Stock,2025-11-10T00:00:00Z
1133,Stellar Note,3456789012345,6150.00,In Stock,2025-11-10T00:00:00Z
1134,Horizon Fold,6543210987654,9999.00,Out of Stock,2025-11-10T00:00:00Z
1135,Eon 9 Pro,5678901234567,3149.90,Out of Stock,2025-11-10T00:00:00Z
1136,Velocity 100,4321098765432,5100.00,Backorder,2025-11-10T00:00:00Z
1137,Galaxy S23,7890123456789,5399.00,In Stock,2025-11-10T00:00:00Z
1138,iPhone 15 Pro,8901234567890,8250.00,Out of Stock,2025-11-10T00:00:00Z
1139,Pixel 8,6789012345678,3800.00,Out of Stock,2025-11-10T00:00:00Z
1140,Moto G84,9012345678901,1749.00,Backorder,2025-11-10T00:00:00Z
1141,ZenFone 10,3456789012345,4500.00,In Stock,2025-11-10T00:00:00Z
1142,SuperPhone X1,1234567890123,3990.00,In Stock,2025-11-10T00:00:00Z
1143,ProPhone Max 12,9876543210987,"",In Stock,2025-11-10T00:00:00Z
1144,MediaPad G5,4567890123456,1950.50,Backorder,2025-11-10T00:00:00Z
1145,BudgetPhone A3,8765432109876,2350.00,Out of Stock,2025-11-10T00:00:00Z
1146,Quantum Z,2345678901234,2290.00,In Stock,2025-11-10T00:00:00Z
1147,Apex 5G,7654321098765,4100.00,Backorder,2025-11-10T00:00:00Z
1148,Stellar Note,3456789012345,6150.00,In Stock,2025-11-10T00:00:00Z
1149,Horizon Fold,6543210987654,9999.00,Backorder,2025-11-10T00:00:00Z
1150,Eon 9 Pro,5678901234567,3149.90,In Stock,2025-11-10T00:00:00Z
1151,Velocity 100,4321098765432,5100.00,In Stock,2025-11-10T00:00:00Z
1152,Galaxy S23,7890123456789,5399.00,In Stock,2025-11-10T00:00:00Z
1153,iPhone 15 Pro,8901234567890,8250.00,Backorder,2025-11-10T00:00:00Z
1154,Pixel 8,6789012345678,3800.00,Out of Stock,2025-11-10T00:00:00Z
1155,Moto G84,9012345678901,1749.00,Out of Stock,2025-11-10T00:00:00Z
1156,ZenFone 10,3456789012345,4500.00,Backorder,2025-11-10T00:00:00Z
1157,SuperPhone X1,1234567890123,3990.00,Backorder,2025-11-10T00:00:00Z
1158,ProPhone Max 12,9876543210987,"",Backorder,2025-11-10T00:00:00Z
1159,MediaPad G5,4567890123456,1950.50,Out of Stock,2025-11-10T00:00:00Z
1160,BudgetPhone A3,8765432109876,2350.00,Out of Stock,2025-11-10T00:00:00Z
1161,Quantum Z,2345678901234,2290.00,In Stock,2025-11-10T00:00:00Z
1162,Apex 5G,7654321098765,4100.00,In Stock,2025-11-10T00:00:00Z
1163,Stellar Note,3456789012345,6150.00,In Stock,2025-11-10T00:00:00Z
1164,Horizon Fold,6543210987654,9999.00,Backorder,2025-11-10T00:00:00Z
1165,Eon 9 Pro,5678901234567,3149.90,In Stock,2025-11-10T00:00:00Z
1166,Velocity 100,4321098765432,5100.00,Backorder,2025-11-10T00:00:00Z
1167,Galaxy S23,7890123456789,5399.00,In Stock,2025-11-10T00:00:00Z
1168,iPhone 15 Pro,8901234567890,8250.00,Out of Stock,2025-11-10T00:00:00Z
1169,Pixel 8,6789012345678,3800.00,Out of Stock,2025-11-10T00:00:00Z
1170,Moto G84,9012345678901,1749.00,In Stock,2025-11-10T00:00:00Z
1171,ZenFone 10,3456789012345,4500.00,Backorder,2025-11-10T00:00:00Z
1172,SuperPhone X1,1234567890123,3990.00,Out of Stock,2025-11-10T00:00:00Z
1173,ProPhone Max 12,9876543210987,"",Out of Stock,2025-11-10T00:00:00Z
1174,MediaPad G5,4567890123456,1950.50,In Stock,2025-11-10T00:00:00Z
1175,BudgetPhone A3,8765432109876,2350.00,In Stock,2025-11-10T00:00:00Z
1176,Quantum Z,2345678901234,2290.00,In Stock,2025-11-10T00:00:00Z
1177,Apex 5G,7654321098765,4100.00,Backorder,2025-11-10T00:00:00Z
1178,Stellar Note,3456789012345,6150.00,In Stock,2025-11-10T00:00:00Z
1179,Horizon Fold,6543210987654,9999.00,Backorder,2025-11-10T00:00:00Z
1180,Eon 9 Pro,5678901234567,3149.90,Out of Stock,2025-11-10T00:00:00Z
1181,Velocity 100,4321098765432,5100.00,In Stock,2025-11-10T00:00:00Z
1182,Galaxy S23,7890123456789,5399.00,Backorder,2025-11-10T00:00:00Z
1183,iPhone 15 Pro,8901234567890,8250.00,Out of Stock,2025-11-10T00:00:00Z
1184,Pixel 8,6789012345678,3800.00,Backorder,2025-11-10T00:00:00Z
1185,Moto G84,9012345678901,1749.00,In Stock,2025-11-10T00:00:00Z
1186,ZenFone 10,3456789012345,4500.00,Backorder,2025-11-10T00:00:00Z
1187,SuperPhone X1,1234567890123,3990.00,In Stock,2025-11-10T00:00:00Z
1188,ProPhone Max 12,9876543210987,"",In Stock,2025-11-10T00:00:00Z
1189,MediaPad G5,4567890123456,1950.50,Out of Stock,2025-11-10T00:00:00Z
1190,BudgetPhone A3,8765432109876,2350.00,In Stock,2025-11-10T00:00:00Z
1191,Quantum Z,2345678901234,2290.00,In Stock,2025-11-10T00:00:00Z
1192,Apex 5G,7654321098765,4100.00,Out of Stock,2025-11-10T00:00:00Z
1193,Stellar Note,3456789012345,6150.00,In Stock,2025-11-10T00:00:00Z
1194,Horizon Fold,6543210987654,9999.00,Backorder,2025-11-10T00:00:00Z
1195,Eon 9 Pro,5678901234567,3149.90,Backorder,2025-11-10T00:00:00Z
1196,Velocity 100,4321098765432,5100.00,In Stock,2025-11-10T00:00:00Z
1197,Galaxy S23,7890123456789,5399.00,Backorder,2025-11-10T00:00:00Z
1198,iPhone 15 Pro,8901234567890,8250.00,Out of Stock,2025-11-10T00:00:00Z
1199,Pixel 8,6789012345678,3800.00,Out of Stock,2025-11-10T00:00:00Z
1200,Moto G84,9012345678901,1749.00,In Stock,2025-11-10T00:00:00Z
1201,ZenFone 10,3456789012345,4500.00,In Stock,2025-11-10T00:00:00Z
1202,SuperPhone X1,1234567890123,3990.00,Backorder,2025-11-10T00:00:00Z
1203,ProPhone Max 12,9876543210987,"",Out of Stock,2025-11-10T00:00:00Z
1204,MediaPad G5,4567890123456,1950.50,Backorder,2025-11-10T00:00:00Z
1205,BudgetPhone A3,8765432109876,2350.00,Out of Stock,2025-11-10T00:00:00Z
1206,Quantum Z,2345678901234,2290.00,In Stock,2025-11-10T00:00:00Z
1207,Apex 5G,7654321098765,4100.00,Out of Stock,2025-11-10T00:00:00Z
1208,Stellar Note,3456789012345,6150.00,Out of Stock,2025-11-10T00:00:00Z
1209,Horizon Fold,6543210987654,9999.00,Backorder,2025-11-10T00:00:00Z
1210,Eon 9 Pro,5678901234567,3149.90,In Stock,2025-11-10T00:00:00Z
1211,Velocity 100,4321098765432,5100.00,Backorder,2025-11-10T00:00:00Z
1212,Galaxy S23,7890123456789,5399.00,Out of Stock,2025-11-10T00:00:00Z
1213,iPhone 15 Pro,8901234567890,8250.00,In Stock,2025-11-10T00:00:00Z
1214,Pixel 8,6789012345678,3800.00,Backorder,2025-11-10T00:00:00Z
1215,Moto G84,9012345678901,1749.00,In Stock,2025-11-10T00:00:00Z
1216,ZenFone 10,3456789012345,4500.00,Backorder,2025-11-10T00:00:00Z
1217,SuperPhone X1,1234567890123,3990.00,In Stock,2025-11-10T00:00:00Z
1218,ProPhone Max 12,9876543210987,"",Out of Stock,2025-11-10T00:00:00Z
1219,MediaPad G5,4567890123456,1950.50,Out of Stock,2025-11-10T00:00:00Z
1220,BudgetPhone A3,8765432109876,2350.00,Out of Stock,2025-11-10T00:00:00Z
1221,Quantum Z,2345678901234,2290.00,In Stock,2025-11-10T00:00:00Z
1222,Apex 5G,7654321098765,4100.00,In Stock,2025-11-10T00:00:00Z
1223,Stellar Note,3456789012345,6150.00,In Stock,2025-11-10T00:00:00Z
1224,Horizon Fold,6543210987654,9999.00,Backorder,2025-11-10T00:00:00Z
1225,Eon 9 Pro,5678901234567,3149.90,In Stock,2025-11-10T00:00:00Z
1226,Velocity 100,4321098765432,5100.00,In Stock,2025-11-10T00:00:00Z
1227,Galaxy S23,7890123456789,5399.00,Backorder,2025-11-10T00:00:00Z
1228,iPhone 15 Pro,8901234567890,8250.00,Out of Stock,2025-11-10T00:00:00Z
1229,Pixel 8,6789012345678,3800.00,Out of Stock,2025-11-10T00:00:00Z
1230,Moto G84,9012345678901,1749.00,In Stock,2025-11-10T00:00:00Z
1231,ZenFone 10,3456789012345,4500.00,In Stock,2025-11-10T00:00:00Z
1232,SuperPhone X1,1234567890123,3990.00,In Stock,2025-11-10T00:00:00Z
1233,ProPhone Max 12,9876543210987,"",In Stock,2025-11-10T00:00:00Z
1234,MediaPad G5,4567890123456,1950.50,Out of Stock,2025-11-10T00:00:00Z
1235,BudgetPhone A3,8765432109876,2350.00,In Stock,2025-11-10T00:00:00Z
1236,Quantum Z,2345678901234,2290.00,Out of Stock,2025-11-10T00:00:00Z
1237,Apex 5G,7654321098765,4100.00,In Stock,2025-11-10T00:00:00Z
1238,Stellar Note,3456789012345,6150.00,Out of Stock,2025-11-10T00:00:00Z
1239,Horizon Fold,6543210987654,9999.00,Out of Stock,2025-11-10T00:00:00Z
1240,Eon 9 Pro,5678901234567,3149.90,Backorder,2025-11-10T00:00:00Z
1241,Velocity 100,4321098765432,5100.00,Backorder,2025-11-10T00:00:00Z
1242,Galaxy S23,7890123456789,5399.00,Out of Stock,2025-11-10T00:00:00Z
1243,iPhone 15 Pro,8901234567890,8250.00,In Stock,2025-11-10T00:00:00Z
1244,Pixel 8,6789012345678,3800.00,In Stock,2025-11-10T00:00:00Z
1245,Moto G84,9012345678901,1749.00,In Stock,2025-11-10T00:00:00Z
1246,ZenFone 10,3456789012345,4500.00,Out of Stock,2025-11-10T00:00:00Z
1247,SuperPhone X1,1234567890123,3990.00,Out of Stock,2025-11-10T00:00:00Z
1248,ProPhone Max 12,9876543210987,"",Backorder,2025-11-10T00:00:00Z
1249,MediaPad G5,4567890123456,1950.50,Out of Stock,2025-11-10T00:00:00Z
1250,BudgetPhone A3,8765432109876,2350.00,Out of Stock,2025-11-10T00:00:00Z
1251,Quantum Z,2345678901234,2290.00,In Stock,2025-11-10T00:00:00Z
1252,Apex 5G,7654321098765,4100.00,Backorder,2025-11-10T00:00:00Z
1253,Stellar Note,3456789012345,6150.00,Backorder,2025-11-10T00:00:00Z
1254,Horizon Fold,6543210987654,9999.00,Backorder,2025-11-10T00:00:00Z
1255,Eon 9 Pro,5678901234567,3149.90,In Stock,2025-11-10T00:00:00Z
1256,Velocity 100,4321098765432,5100.00,Backorder,2025-11-10T00:00:00Z
1257,Galaxy S23,7890123456789,5399.00,In Stock,2025-11-10T00:00:00Z
1258,iPhone 15 Pro,8901234567890,8250.00,Backorder,2025-11-10T00:00:00Z
1259,Pixel 8,6789012345678,3800.00,In Stock,2025-11-10T00:00:00Z
1260,Moto G84,9012345678901,1749.00,Out of Stock,2025-11-10T00:00:00Z
1261,ZenFone 10,3456789012345,4500.00,Out of Stock,2025-11-10T00:00:00Z
1262,SuperPhone X1,1234567890123,3990.00,In Stock,2025-11-10T00:00:00Z
1263,ProPhone Max 12,9876543210987,"",Out of Stock,2025-11-10T00:00:00Z
1264,MediaPad G5,4567890123456,1950.50,Backorder,2025-11-10T00:00:00Z
1265,BudgetPhone A3,8765432109876,2350.00,In Stock,2025-11-10T00:00:00Z
1266,Quantum Z,2345678901234,2290.00,Out of Stock,2025-11-10T00:00:00Z
1267,Apex 5G,7654321098765,4100.00,In Stock,2025-11-10T00:00:00Z
1268,Stellar Note,3456789012345,6150.00,Out of Stock,2025-11-10T00:00:00Z
1269,Horizon Fold,6543210987654,9999.00,Out of Stock,2025-11-10T00:00:00Z
1270,Eon 9 Pro,5678901234567,3149.90,In Stock,2025-11-10T00:00:00Z
1271,Velocity 100,4321098765432,5100.00,Out of Stock,2025-11-10T00:00:00Z
1272,Galaxy S23,7890123456789,5399.00,Out of Stock,2025-11-10T00:00:00Z
1273,iPhone 15 Pro,8901234567890,8250.00,In Stock,2025-11-10T00:00:00Z
1274,Pixel 8,6789012345678,3800.00,In Stock,2025-11-10T00:00:00Z
1275,Moto G84,9012345678901,1749.00,In Stock,2025-11-10T00:00:00Z
1276,ZenFone 10,3456789012345,4500.00,In Stock,2025-11-10T00:00:00Z
1277,SuperPhone X1,1234567890123,3990.00,Out of Stock,2025-11-10T00:00:00Z
1278,ProPhone Max 12,9876543210987,"",Out of Stock,2025-11-10T00:00:00Z
1279,MediaPad G5,4567890123456,1950.50,Out of Stock,2025-11-10T00:00:00Z
1280,BudgetPhone A3,8765432109876,2350.00,In Stock,2025-11-10T00:00:00Z
1281,Quantum Z,2345678901234,2290.00,Backorder,2025-11-10T00:00:00Z
1282,Apex 5G,7654321098765,4100.00,Out of Stock,2025-11-10T00:00:00Z
1283,Stellar Note,3456789012345,6150.00,Backorder,2025-11-10T00:00:00Z
1284,Horizon Fold,6543210987654,9999.00,Backorder,2025-11-10T00:00:00Z
1285,Eon 9 Pro,5678901234567,3149.90,Backorder,2025-11-10T00:00:00Z
1286,Velocity 100,4321098765432,5100.00,Out of Stock,2025-11-10T00:00:00Z
1287,Galaxy S23,7890123456789,5399.00,In Stock,2025-11-10T00:00:00Z
1288,iPhone 15 Pro,8901234567890,8250.00,Backorder,2025-11-10T00:00:00Z
1289,Pixel 8,6789012345678,3800.00,In Stock,2025-11-10T00:00:00Z
1290,Moto G84,9012345678901,1749.00,Out of Stock,2025-11-10T00:00:00Z
1291,ZenFone 10,3456789012345,4500.00,Backorder,2025-11-10T00:00:00Z
1292,SuperPhone X1,1234567890123,3990.00,Backorder,2025-11-10T00:00:00Z
1293,ProPhone Max 12,9876543210987,"",In Stock,2025-11-10T00:00:00Z
1294,MediaPad G5,4567890123456,1950.50,Backorder,2025-11-10T00:00:00Z
1295,BudgetPhone A3,8765432109876,2350.00,Backorder,2025-11-10T00:00:00Z
1296,Quantum Z,2345678901234,2290.00,In Stock,2025-11-10T00:00:00Z
1297,Apex 5G,7654321098765,4100.00,In Stock,2025-11-10T00:00:00Z
1298,Stellar Note,3456789012345,6150.00,In Stock,2025-11-10T00:00:00Z
1299,Horizon Fold,6543210987654,9999.00,Out of Stock,2025-11-10T00:00:00Z
1300,Eon 9 Pro,5678901234567,3149.90,In Stock,2025-11-10T00:00:00Z
1301,Velocity 100,4321098765432,5100.00,Out of Stock,2025-11-10T00:00:00Z
1302,Galaxy S23,7890123456789,5399.00,In Stock,2025-11-10T00:00:00Z
1303,iPhone 15 Pro,8901234567890,8250.00,Backorder,2025-11-10T00:00:00Z
1304,Pixel 8,6789012345678,3800.00,In Stock,2025-11-10T00:00:00Z
1305,Moto G84,9012345678901,1749.00,In Stock,2025-11-10T00:00:00Z
1306,ZenFone 10,3456789012345,4500.00,Out of Stock,2025-11-10T00:00:00Z
1307,SuperPhone X1,1234567890123,3990.00,Backorder,2025-11-10T00:00:00Z
1308,ProPhone Max 12,9876543210987,"",Backorder,2025-11-10T00:00:00Z
1309,MediaPad G5,4567890123456,1950.50,Out of Stock,2025-11-10T00:00:00Z
1310,BudgetPhone A3,8765432109876,2350.00,In Stock,2025-11-10T00:00:00Z
1311,Quantum Z,2345678901234,2290.00,Backorder,2025-11-10T00:00:00Z
1312,Apex 5G,7654321098765,4100.00,Backorder,2025-11-10T00:00:00Z
1313,Stellar Note,3456789012345,6150.00,Backorder,2025-11-10T00:00:00Z
1314,Horizon Fold,6543210987654,9999.00,In Stock,2025-11-10T00:00:00Z
1315,Eon 9 Pro,5678901234567,3149.90,Out of Stock,2025-11-10T00:00:00Z
1316,Velocity 100,4321098765432,5100.00,Backorder,2025-11-10T00:00:00Z
1317,Galaxy S23,7890123456789,5399.00,In Stock,2025-11-10T00:00:00Z
1318,iPhone 15 Pro,8901234567890,8250.00,Out of Stock,2025-11-10T00:00:00Z
1319,Pixel 8,6789012345678,3800.00,In Stock,2025-11-10T00:00:00Z
1320,Moto G84,9012345678901,1749.00,In Stock,2025-11-10T00:00:00Z
1321,ZenFone 10,3456789012345,4500.00,In Stock,2025-11-10T00:00:00Z
1322,SuperPhone X1,1234567890123,3990.00,Backorder,2025-11-10T00:00:00Z
1323,ProPhone Max 12,9876543210987,"",In Stock,2025-11-10T00:00:00Z
1324,MediaPad G5,4567890123456,1950.50,In Stock,2025-11-10T00:00:00Z
1325,BudgetPhone A3,8765432109876,2350.00,Out of Stock,2025-11-10T00:00:00Z
1326,Quantum Z,2345678901234,2290.00,In Stock,2025-11-10T00:00:00Z
1327,Apex 5G,7654321098765,4100.00,Backorder,2025-11-10T00:00:00Z
1328,Stellar Note,3456789012345,6150.00,Out of Stock,2025-11-10T00:00:00Z
1329,Horizon Fold,6543210987654,9999.00,In Stock,2025-11-10T00:00:00Z
1330,Eon 9 Pro,5678901234567,3149.90,Backorder,2025-11-10T00:00:00Z
1331,Velocity 100,4321098765432,5100.00,Out of Stock,2025-11-10T00:00:00Z
1332,Galaxy S23,7890123456789,5399.00,In Stock,2025-11-10T00:00:00Z
1333,iPhone 15 Pro,8901234567890,8250.00,Backorder,2025-11-10T00:00:00Z
1334,Pixel 8,6789012345678,3800.00,Out of Stock,2025-11-10T00:00:00Z
1335,Moto G84,9012345678901,1749.00,In Stock,2025-11-10T00:00:00Z
1336,ZenFone 10,3456789012345,4500.00,In Stock,2025-11-10T00:00:00Z
1337,SuperPhone X1,1234567890123,3990.00,Backorder,2025-11-10T00:00:00Z
1338,ProPhone Max 12,9876543210987,"",In Stock,2025-11-10T00:00:00Z
1339,MediaPad G5,4567890123456,1950.50,Out of Stock,2025-11-10T00:00:00Z
1340,BudgetPhone A3,8765432109876,2350.00,Out of Stock,2025-11-10T00:00:00Z
1341,Quantum Z,2345678901234,2290.00,Backorder,2025-11-10T00:00:00Z
1342,Apex 5G,7654321098765,4100.00,Backorder,2025-11-10T00:00:00Z
1343,Stellar Note,3456789012345,6150.00,Backorder,2025-11-10T00:00:00Z
1344,Horizon Fold,6543210987654,9999.00,Out of Stock,2025-11-10T00:00:00Z
1345,Eon 9 Pro,5678901234567,3149.90,Backorder,2025-11-10T00:00:00Z
1346,Velocity 100,4321098765432,5100.00,Backorder,2025-11-10T00:00:00Z
1347,Galaxy S23,7890123456789,5399.00,In Stock,2025-11-10T00:00:00Z
1348,iPhone 15 Pro,8901234567890,8250.00,Backorder,2025-11-10T00:00:00Z
1349,Pixel 8,6789012345678,3800.00,Backorder,2025-11-10T00:00:00Z
1350,Moto G84,9012345678901,1749.00,Backorder,2025-11-10T00:00:00Z
1351,ZenFone 10,3456789012345,4500.00,In Stock,2025-11-10T00:00:00Z
1352,SuperPhone X1,1234567890123,3990.00,Out of Stock,2025-11-10T00:00:00Z
1353,ProPhone Max 12,9876543210987,"",Out of Stock,2025-11-10T00:00:00Z
1354,MediaPad G5,4567890123456,1950.50,Out of Stock,2025-11-10T00:00:00Z
1355,BudgetPhone A3,8765432109876,2350.00,In Stock,2025-11-10T00:00:00Z
1356,Quantum Z,2345678901234,2290.00,Backorder,2025-11-10T00:00:00Z
1357,Apex 5G,7654321098765,4100.00,Out of Stock,2025-11-10T00:00:00Z
1358,Stellar Note,3456789012345,6150.00,Out of Stock,2025-11-10T00:00:00Z
1359,Horizon Fold,6543210987654,9999.00,Backorder,2025-11-10T00:00:00Z
1360,Eon 9 Pro,5678901234567,3149.90,Out of Stock,2025-11-10T00:00:00Z
1361,Velocity 100,4321098765432,5100.00,In Stock,2025-11-10T00:00:00Z
1362,Galaxy S23,7890123456789,5399.00,Out of Stock,2025-11-10T00:00:00Z
1363,iPhone 15 Pro,8901234567890,8250.00,Out of Stock,2025-11-10T00:00:00Z
1364,Pixel 8,6789012345678,3800.00,In Stock,2025-11-10T00:00:00Z
1365,Moto G84,9012345678901,1749.00,In Stock,2025-11-10T00:00:00Z
1366,ZenFone 10,3456789012345,4500.00,Backorder,2025-11-10T00:00:00Z
1367,SuperPhone X1,1234567890123,3990.00,Out of Stock,2025-11-10T00:00:00Z
1368,ProPhone Max 12,9876543210987,"",In Stock,2025-11-10T00:00:00Z
1369,MediaPad G5,4567890123456,1950.50,Backorder,2025-11-10T00:00:00Z
1370,BudgetPhone A3,8765432109876,2350.00,Out of Stock,2025-11-10T00:00:00Z
1371,Quantum Z,2345678901234,2290.00,Backorder,2025-11-10T00:00:00Z
1372,Apex 5G,7654321098765,4100.00,In Stock,2025-11-10T00:00:00Z
1373,Stellar Note,3456789012345,6150.00,In Stock,2025-11-10T00:00:00Z
1374,Horizon Fold,6543210987654,9999.00,Backorder,2025-11-10T00:00:00Z
1375,Eon 9 Pro,5678901234567,3149.90,Backorder,2025-11-10T00:00:00Z
1376,Velocity 100,4321098765432,5100.00,Backorder,2025-11-10T00:00:00Z
1377,Galaxy S23,7890123456789,5399.00,Out of Stock,2025-11-10T00:00:00Z
1378,iPhone 15 Pro,8901234567890,8250.00,Backorder,2025-11-10T00:00:00Z
1379,Pixel 8,6789012345678,3800.00,Backorder,2025-11-10T00:00:00Z
1380,Moto G84,9012345678901,1749.00,In Stock,2025-11-10T00:00:00Z
1381,ZenFone 10,3456789012345,4500.00,In Stock,2025-11-10T00:00:00Z
1382,SuperPhone X1,1234567890123,3990.00,In Stock,2025-11-10T00:00:00Z
1383,ProPhone Max 12,9876543210987,"",Out of Stock,2025-11-10T00:00:00Z
1384,MediaPad G5,4567890123456,1950.50,Backorder,2025-11-10T00:00:00Z
1385,BudgetPhone A3,8765432109876,2350.00,Out of Stock,2025-11-10T00:00:00Z
1386,Quantum Z,2345678901234,2290.00,In Stock,2025-11-10T00:00:00Z
1387,Apex 5G,7654321098765,4100.00,Out of Stock,2025-11-10T00:00:00Z
1388,Stellar Note,3456789012345,6150.00,In Stock,2025-11-10T00:00:00Z
1389,Horizon Fold,6543210987654,9999.00,Out of Stock,2025-11-10T00:00:00Z
1390,Eon 9 Pro,5678901234567,3149.90,Backorder,2025-11-10T00:00:00Z
1391,Velocity 100,4321098765432,5100.00,Backorder,2025-11-10T00:00:00Z
1392,Galaxy S23,7890123456789,5399.00,Out of Stock,2025-11-10T00:00:00Z
1393,iPhone 15 Pro,8901234567890,8250.00,Out of Stock,2025-11-10T00:00:00Z
1394,Pixel 8,6789012345678,3800.00,Backorder,2025-11-10T00:00:00Z
1395,Moto G84,9012345678901,1749.00,In Stock,2025-11-10T00:00:00Z
1396,ZenFone 10,3456789012345,4500.00,Backorder,2025-11-10T00:00:00Z
1397,SuperPhone X1,1234567890123,3990.00,In Stock,2025-11-10T00:00:00Z
1398,ProPhone Max 12,9876543210987,"",Backorder,2025-11-10T00:00:00Z
1399,MediaPad G5,4567890123456,1950.50,Backorder,2025-11-10T00:00:00Z
1400,BudgetPhone A3,8765432109876,2350.00,Backorder,2025-11-10T00:00:00Z
1401,Quantum Z,2345678901234,2290.00,Backorder,2025-11-10T00:00:00Z
1402,Apex 5G,7654321098765,4100.00,In Stock,2025-11-10T00:00:00Z
1403,Stellar Note,3456789012345,6150.00,Backorder,2025-11-10T00:00:00Z
1404,Horizon Fold,6543210987654,9999.00,Backorder,2025-11-10T00:00:00Z
1405,Eon 9 Pro,5678901234567,3149.90,Out of Stock,2025-11-10T00:00:00Z
1406,Velocity 100,4321098765432,5100.00,Out of Stock,2025-11-10T00:00:00Z
1407,Galaxy S23,7890123456789,5399.00,In Stock,2025-11-10T00:00:00Z
1408,iPhone 15 Pro,8901234567890,8250.00,In Stock,2025-11-10T00:00:00Z
1409,Pixel 8,6789012345678,3800.00,Backorder,2025-11-10T00:00:00Z
1410,Moto G84,9012345678901,1749.00,In Stock,2025-11-10T00:00:00Z
1411,ZenFone 10,3456789012345,4500.00,Backorder,2025-11-10T00:00:00Z
1412,SuperPhone X1,1234567890123,3990.00,Out of Stock,2025-11-10T00:00:00Z
1413,ProPhone Max 12,9876543210987,"",Backorder,2025-11-10T00:00:00Z
1414,MediaPad G5,4567890123456,1950.50,Backorder,2025-11-10T00:00:00Z
1415,BudgetPhone A3,8765432109876,2350.00,In Stock,2025-11-10T00:00:00Z
1416,Quantum Z,2345678901234,2290.00,Out of Stock,2025-11-10T00:00:00Z
1417,Apex 5G,7654321098765,4100.00,In Stock,2025-11-10T00:00:00Z
1418,Stellar Note,3456789012345,6150.00,In Stock,2025-11-10T00:00:00Z
1419,Horizon Fold,6543210987654,9999.00,Backorder,2025-11-10T00:00:00Z
1420,Eon 9 Pro,5678901234567,3149.90,In Stock,2025-11-10T00:00:00Z
1421,Velocity 100,4321098765432,5100.00,Backorder,2025-11-10T00:00:00Z
1422,Galaxy S23,7890123456789,5399.00,Backorder,2025-11-10T00:00:00Z
1423,iPhone 15 Pro,8901234567890,8250.00,Backorder,2025-11-10T00:00:00Z
1424,Pixel 8,6789012345678,3800.00,Out of Stock,2025-11-10T00:00:00Z
1425,Moto G84,9012345678901,1749.00,In Stock,2025-11-10T00:00:00Z
1426,ZenFone 10,3456789012345,4500.00,Backorder,2025-11-10T00:00:00Z
1427,SuperPhone X1,1234567890123,3990.00,In Stock,2025-11-10T00:00:00Z
1428,ProPhone Max 12,9876543210987,"",In Stock,2025-11-10T00:00:00Z
1429,MediaPad G5,4567890123456,1950.50,Backorder,2025-11-10T00:00:00Z
1430,BudgetPhone A3,8765432109876,2350.00,Backorder,2025-11-10T00:00:00Z
1431,Quantum Z,2345678901234,2290.00,Backorder,2025-11-10T00:00:00Z
1432,Apex 5G,7654321098765,4100.00,Backorder,2025-11-10T00:00:00Z
1433,Stellar Note,3456789012345,6150.00,In Stock,2025-11-10T00:00:00Z
1434,Horizon Fold,6543210987654,9999.00,In Stock,2025-11-10T00:00:00Z
1435,Eon 9 Pro,5678901234567,3149.90,Backorder,2025-11-10T00:00:00Z
1436,Velocity 100,4321098765432,5100.00,Out of Stock,2025-11-10T00:00:00Z
1437,Galaxy S23,7890123456789,5399.00,Out of Stock,2025-11-10T00:00:00Z
1438,iPhone 15 Pro,8901234567890,8250.00,Backorder,2025-11-10T00:00:00Z
1439,Pixel 8,6789012345678,3800.00,Backorder,2025-11-10T00:00:00Z
1440,Moto G84,9012345678901,1749.00,Backorder,2025-11-10T00:00:00Z
1441,ZenFone 10,3456789012345,4500.00,Backorder,2025-11-10T00:00:00Z
1442,SuperPhone X1,1234567890123,3990.00,In Stock,2025-11-10T00:00:00Z
1443,ProPhone Max 12,9876543210987,"",Backorder,2025-11-10T00:00:00Z
1444,MediaPad G5,4567890123456,1950.50,Backorder,2025-11-10T00:00:00Z
1445,BudgetPhone A3,8765432109876,2350.00,In Stock,2025-11-10T00:00:00Z
1446,Quantum Z,2345678901234,2290.00,In Stock,2025-11-10T00:00:00Z
1447,Apex 5G,7654321098765,4100.00,In Stock,2025-11-10T00:00:00Z
1448,Stellar Note,3456789012345,6150.00,Backorder,2025-11-10T00:00:00Z
1449,Horizon Fold,6543210987654,9999.00,In Stock,2025-11-10T00:00:00Z
1450,Eon 9 Pro,5678901234567,3149.90,Backorder,2025-11-10T00:00:00Z
1451,Velocity 100,4321098765432,5100.00,Out of Stock,2025-11-10T00:00:00Z
1452,Galaxy S23,7890123456789,5399.00,Backorder,2025-11-10T00:00:00Z
1453,iPhone 15 Pro,8901234567890,8250.00,Out of Stock,2025-11-10T00:00:00Z
1454,Pixel 8,6789012345678,3800.00,Out of Stock,2025-11-10T00:00:00Z
1455,Moto G84,9012345678901,1749.00,Backorder,2025-11-10T00:00:00Z
1456,ZenFone 10,3456789012345,4500.00,In Stock,2025-11-10T00:00:00Z
1457,SuperPhone X1,1234567890123,3990.00,Out of Stock,2025-11-10T00:00:00Z
1458,ProPhone Max 12,9876543210987,"",Out of Stock,2025-11-10T00:00:00Z
1459,MediaPad G5,4567890123456,1950.50,Out of Stock,2025-11-10T00:00:00Z
1460,BudgetPhone A3,8765432109876,2350.00,Out of Stock,2025-11-10T00:00:00Z
1461,Quantum Z,2345678901234,2290.00,Backorder,2025-11-10T00:00:00Z
1462,Apex 5G,7654321098765,4100.00,Out of Stock,2025-11-10T00:00:00Z
1463,Stellar Note,3456789012345,6150.00,In Stock,2025-11-10T00:00:00Z
1464,Horizon Fold,6543210987654,9999.00,In Stock,2025-11-10T00:00:00Z
1465,Eon 9 Pro,5678901234567,3149.90,Backorder,2025-11-10T00:00:00Z
1466,Velocity 100,4321098765432,5100.00,In Stock,2025-11-10T00:00:00Z
1467,Galaxy S23,7890123456789,5399.00,In Stock,2025-11-10T00:00:00Z
1468,iPhone 15 Pro,8901234567890,8250.00,In Stock,2025-11-10T00:00:00Z
1469,Pixel 8,6789012345678,3800.00,Out of Stock,2025-11-10T00:00:00Z
1470,Moto G84,9012345678901,1749.00,Out of Stock,2025-11-10T00:00:00Z
1471,ZenFone 10,3456789012345,4500.00,Out of Stock,2025-11-10T00:00:00Z
1472,SuperPhone X1,1234567890123,3990.00,Out of Stock,2025-11-10T00:00:00Z
1473,ProPhone Max 12,9876543210987,"",In Stock,2025-11-10T00:00:00Z
1474,MediaPad G5,4567890123456,1950.50,Backorder,2025-11-10T00:00:00Z
1475,BudgetPhone A3,8765432109876,2350.00,In Stock,2025-11-10T00:00:00Z
1476,Quantum Z,2345678901234,2290.00,Backorder,2025-11-10T00:00:00Z
1477,Apex 5G,7654321098765,4100.00,Backorder,2025-11-10T00:00:00Z
1478,Stellar Note,3456789012345,6150.00,Backorder,2025-11-10T00:00:00Z
1479,Horizon Fold,6543210987654,9999.00,In Stock,2025-11-10T00:00:00Z
1480,Eon 9 Pro,5678901234567,3149.90,Backorder,2025-11-10T00:00:00Z
1481,Velocity 100,4321098765432,5100.00,In Stock,2025-11-10T00:00:00Z
1482,Galaxy S23,7890123456789,5399.00,In Stock,2025-11-10T00:00:00Z
1483,iPhone 15 Pro,8901234567890,8250.00,Out of Stock,2025-11-10T00:00:00Z
1484,Pixel 8,6789012345678,3800.00,In Stock,2025-11-10T00:00:00Z
1485,Moto G84,9012345678901,1749.00,In Stock,2025-11-10T00:00:00Z
1486,ZenFone 10,3456789012345,4500.00,In Stock,2025-11-10T00:00:00Z
1487,SuperPhone X1,1234567890123,3990.00,In Stock,2025-11-10T00:00:00Z
1488,ProPhone Max 12,9876543210987,"",Out of Stock,2025-11-10T00:00:00Z
1489,MediaPad G5,4567890123456,1950.50,Backorder,2025-11-10T00:00:00Z
1490,BudgetPhone A3,8765432109876,2350.00,In Stock,2025-11-10T00:00:00Z
1491,Quantum Z,2345678901234,2290.00,In Stock,2025-11-10T00:00:00Z
1492,Apex 5G,7654321098765,4100.00,In Stock,2025-11-10T00:00:00Z
1493,Stellar Note,3456789012345,6150.00,Out of Stock,2025-11-10T00:00:00Z
1494,Horizon Fold,6543210987654,9999.00,Out of Stock,2025-11-10T00:00:00Z
1495,Eon 9 Pro,5678901234567,3149.90,Out of Stock,2025-11-10T00:00:00Z
1496,Velocity 100,4321098765432,5100.00,Out of Stock,2025-11-10T00:00:00Z
1497,Galaxy S23,7890123456789,5399.00,Out of Stock,2025-11-10T00:00:00Z
1498,iPhone 15 Pro,8901234567890,8250.00,In Stock,2025-11-10T00:00:00Z
1499,Pixel 8,6789012345678,3800.00,In Stock,2025-11-10T00:00:00Z
1500,Moto G84,9012345678901,1749.00,Out of Stock,2025-11-10T00:00:00Z
1501,ZenFone 10,3456789012345,4500.00,In Stock,2025-11-10T00:00:00Z
1502,SuperPhone X1,1234567890123,3990.00,Backorder,2025-11-10T00:00:00Z
1503,ProPhone Max 12,9876543210987,"",Out of Stock,2025-11-10T00:00:00Z
1504,MediaPad G5,4567890123456,1950.50,In Stock,2025-11-10T00:00:00Z
1505,BudgetPhone A3,8765432109876,2350.00,Out of Stock,2025-11-10T00:00:00Z
1506,Quantum Z,2345678901234,2290.00,Out of Stock,2025-11-10T00:00:00Z
1507,Apex 5G,7654321098765,4100.00,Out of Stock,2025-11-10T00:00:00Z
1508,Stellar Note,3456789012345,6150.00,Out of Stock,2025-11-10T00:00:00Z
1509,Horizon Fold,6543210987654,9999.00,Backorder,2025-11-10T00:00:00Z
1510,Eon 9 Pro,5678901234567,3149.90,In Stock,2025-11-10T00:00:00Z
1511,Velocity 100,4321098765432,5100.00,Out of Stock,2025-11-10T00:00:00Z
1512,Galaxy S23,7890123456789,5399.00,Out of Stock,2025-11-10T00:00:00Z
1513,iPhone 15 Pro,8901234567890,8250.00,Backorder,2025-11-10T00:00:00Z
1514,Pixel 8,6789012345678,3800.00,Backorder,2025-11-10T00:00:00Z
1515,Moto G84,9012345678901,1749.00,Out of Stock,2025-11-10T00:00:00Z
1516,ZenFone 10,3456789012345,4500.00,Backorder,2025-11-10T00:00:00Z
1517,SuperPhone X1,1234567890123,3990.00,Backorder,2025-11-10T00:00:00Z
1518,ProPhone Max 12,9876543210987,"",In Stock,2025-11-10T00:00:00Z
1519,MediaPad G5,4567890123456,1950.50,Backorder,2025-11-10T00:00:00Z
1520,BudgetPhone A3,8765432109876,2350.00,Out of Stock,2025-11-10T00:00:00Z
1521,Quantum Z,2345678901234,2290.00,Out of Stock,2025-11-10T00:00:00Z
1522,Apex 5G,7654321098765,4100.00,In Stock,2025-11-10T00:00:00Z
1523,Stellar Note,3456789012345,6150.00,In Stock,2025-11-10T00:00:00Z
1524,Horizon Fold,6543210987654,9999.00,Out of Stock,2025-11-10T00:00:00Z
1525,Eon 9 Pro,5678901234567,3149.90,In Stock,2025-11-10T00:00:00Z
1526,Velocity 100,4321098765432,5100.00,Backorder,2025-11-10T00:00:00Z
1527,Galaxy S23,7890123456789,5399.00,Backorder,2025-11-10T00:00:00Z
1528,iPhone 15 Pro,8901234567890,8250.00,Backorder,2025-11-10T00:00:00Z
1529,Pixel 8,6789012345678,3800.00,Out of Stock,2025-11-10T00:00:00Z
1530,Moto G84,9012345678901,1749.00,In Stock,2025-11-10T00:00:00Z
1531,ZenFone 10,3456789012345,4500.00,In Stock,2025-11-10T00:00:00Z
1532,SuperPhone X1,1234567890123,3990.00,In Stock,2025-11-10T00:00:00Z
1533,ProPhone Max 12,9876543210987,"",In Stock,2025-11-10T00:00:00Z
1534,MediaPad G5,4567890123456,1950.50,Out of Stock,2025-11-10T00:00:00Z
1535,BudgetPhone A3,8765432109876,2350.00,Backorder,2025-11-10T00:00:00Z
1536,Quantum Z,2345678901234,2290.00,Out of Stock,2025-11-10T00:00:00Z
1537,Apex 5G,7654321098765,4100.00,Out of Stock,2025-11-10T00:00:00Z
1538,Stellar Note,3456789012345,6150.00,Out of Stock,2025-11-10T00:00:00Z
1539,Horizon Fold,6543210987654,9999.00,Out of Stock,2025-11-10T00:00:00Z
1540,Eon 9 Pro,5678901234567,3149.90,Out of Stock,2025-11-10T00:00:00Z
1541,Velocity 100,4321098765432,5100.00,Out of Stock,2025-11-10T00:00:00Z
1542,Galaxy S23,7890123456789,5399.00,Backorder,2025-11-10T00:00:00Z
1543,iPhone 15 Pro,8901234567890,8250.00,Backorder,2025-11-10T00:00:00Z
1544,Pixel 8,6789012345678,3800.00,In Stock,2025-11-10T00:00:00Z
1545,Moto G84,9012345678901,1749.00,Backorder,2025-11-10T00:00:00Z
1546,ZenFone 10,3456789012345,4500.00,In Stock,2025-11-10T00:00:00Z
1547,SuperPhone X1,1234567890123,3990.00,Out of Stock,2025-11-10T00:00:00Z
1548,ProPhone Max 12,9876543210987,"",Backorder,2025-11-10T00:00:00Z
1549,MediaPad G5,4567890123456,1950.50,Out of Stock,2025-11-10T00:00:00Z
1550,BudgetPhone A3,8765432109876,2350.00,Out of Stock,2025-11-10T00:00:00Z
1551,Quantum Z,2345678901234,2290.00,Out of Stock,2025-11-10T00:00:00Z
1552,Apex 5G,7654321098765,4100.00,Backorder,2025-11-10T00:00:00Z
1553,Stellar Note,3456789012345,6150.00,Out of Stock,2025-11-10T00:00:00Z
1554,Horizon Fold,6543210987654,9999.00,Backorder,2025-11-10T00:00:00Z
1555,Eon 9 Pro,5678901234567,3149.90,Out of Stock,2025-11-10T00:00:00Z
1556,Velocity 100,4321098765432,5100.00,Backorder,2025-11-10T00:00:00Z
1557,Galaxy S23,7890123456789,5399.00,In Stock,2025-11-10T00:00:00Z
1558,iPhone 15 Pro,8901234567890,8250.00,Backorder,2025-11-10T00:00:00Z
1559,Pixel 8,6789012345678,3800.00,Backorder,2025-11-10T00:00:00Z
1560,Moto G84,9012345678901,1749.00,In Stock,2025-11-10T00:00:00Z
1561,ZenFone 10,3456789012345,4500.00,In Stock,2025-11-10T00:00:00Z
1562,SuperPhone X1,1234567890123,3990.00,Backorder,2025-11-10T00:00:00Z
1563,ProPhone Max 12,9876543210987,"",Backorder,2025-11-10T00:00:00Z
1564,MediaPad G5,4567890123456,1950.50,Backorder,2025-11-10T00:00:00Z
1565,BudgetPhone A3,8765432109876,2350.00,In Stock,2025-11-10T00:00:00Z
1566,Quantum Z,2345678901234,2290.00,Out of Stock,2025-11-10T00:00:00Z
1567,Apex 5G,7654321098765,4100.00,In Stock,2025-11-10T00:00:00Z
1568,Stellar Note,3456789012345,6150.00,In Stock,2025-11-10T00:00:00Z
1569,Horizon Fold,6543210987654,9999.00,Backorder,2025-11-10T00:00:00Z
1570,Eon 9 Pro,5678901234567,3149.90,Out of Stock,2025-11-10T00:00:00Z
1571,Velocity 100,4321098765432,5100.00,Backorder,2025-11-10T00:00:00Z
1572,Galaxy S23,7890123456789,5399.00,Backorder,2025-11-10T00:00:00Z
1573,iPhone 15 Pro,8901234567890,8250.00,Backorder,2025-11-10T00:00:00Z
1574,Pixel 8,6789012345678,3800.00,In Stock,2025-11-10T00:00:00Z
1575,Moto G84,9012345678901,1749.00,Out of Stock,2025-11-10T00:00:00Z
1576,ZenFone 10,3456789012345,4500.00,Backorder,2025-11-10T00:00:00Z
1577,SuperPhone X1,1234567890123,3990.00,Backorder,2025-11-10T00:00:00Z
1578,ProPhone Max 12,9876543210987,"",Backorder,2025-11-10T00:00:00Z
1579,MediaPad G5,4567890123456,1950.50,Backorder,2025-11-10T00:00:00Z
1580,BudgetPhone A3,8765432109876,2350.00,Out of Stock,2025-11-10T00:00:00Z
1581,Quantum Z,2345678901234,2290.00,In Stock,2025-11-10T00:00:00Z
1582,Apex 5G,7654321098765,4100.00,Out of Stock,2025-11-10T00:00:00Z
1583,Stellar Note,3456789012345,6150.00,Out of Stock,2025-11-10T00:00:00Z
1584,Horizon Fold,6543210987654,9999.00,Out of Stock,2025-11-10T00:00:00Z
1585,Eon 9 Pro,5678901234567,3149.90,Backorder,2025-11-10T00:00:00Z
1586,Velocity 100,4321098765432,5100.00,Backorder,2025-11-10T00:00:00Z
1587,Galaxy S23,7890123456789,5399.00,Backorder,2025-11-10T00:00:00Z
1588,iPhone 15 Pro,8901234567890,8250.00,Backorder,2025-11-10T00:00:00Z
1589,Pixel 8,6789012345678,3800.00,Backorder,2025-11-10T00:00:00Z
1590,Moto G84,9012345678901,1749.00,In Stock,2025-11-10T00:00:00Z
1591,ZenFone 10,3456789012345,4500.00,Backorder,2025-11-10T00:00:00Z
1592,SuperPhone X1,1234567890123,3990.00,Out of Stock,2025-11-10T00:00:00Z
1593,ProPhone Max 12,9876543210987,"",Out of Stock,2025-11-10T00:00:00Z
1594,MediaPad G5,4567890123456,1950.50,Out of Stock,2025-11-10T00:00:00Z
1595,BudgetPhone A3,8765432109876,2350.00,In Stock,2025-11-10T00:00:00Z
1596,Quantum Z,2345678901234,2290.00,Out of Stock,2025-11-10T00:00:00Z
1597,Apex 5G,7654321098765,4100.00,Backorder,2025-11-10T00:00:00Z
1598,Stellar Note,3456789012345,6150.00,Backorder,2025-11-10T00:00:00Z
1599,Horizon Fold,6543210987654,9999.00,Out of Stock,2025-11-10T00:00:00Z
1600,Eon 9 Pro,5678901234567,3149.90,Backorder,2025-11-10T00:00:00Z
1601,Velocity 100,4321098765432,5100.00,Out of Stock,2025-11-10T00:00:00Z
1602,Galaxy S23,7890123456789,5399.00,In Stock,2025-11-10T00:00:00Z
1603,iPhone 15 Pro,8901234567890,8250.00,In Stock,2025-11-10T00:00:00Z
1604,Pixel 8,6789012345678,3800.00,Backorder,2025-11-10T00:00:00Z
1605,Moto G84,9012345678901,1749.00,In Stock,2025-11-10T00:00:00Z
1606,ZenFone 10,3456789012345,4500.00,In Stock,2025-11-10T00:00:00Z
1607,SuperPhone X1,1234567890123,3990.00,Backorder,2025-11-10T00:00:00Z
1608,ProPhone Max 12,9876543210987,"",Out of Stock,2025-11-10T00:00:00Z
1609,MediaPad G5,4567890123456,1950.50,In Stock,2025-11-10T00:00:00Z
1610,BudgetPhone A3,8765432109876,2350.00,In Stock,2025-11-10T00:00:00Z
1611,Quantum Z,2345678901234,2290.00,In Stock,2025-11-10T00:00:00Z
1612,Apex 5G,7654321098765,4100.00,Backorder,2025-11-10T00:00:00Z
1613,Stellar Note,3456789012345,6150.00,Backorder,2025-11-10T00:00:00Z
1614,Horizon Fold,6543210987654,9999.00,Out of Stock,2025-11-10T00:00:00Z
1615,Eon 9 Pro,5678901234567,3149.90,Out of Stock,2025-11-10T00:00:00Z
1616,Velocity 100,4321098765432,5100.00,In Stock,2025-11-10T00:00:00Z
1617,Galaxy S23,7890123456789,5399.00,In Stock,2025-11-10T00:00:00Z
1618,iPhone 15 Pro,8901234567890,8250.00,Backorder,2025-11-10T00:00:00Z
1619,Pixel 8,6789012345678,3800.00,In Stock,2025-11-10T00:00:00Z
1620,Moto G84,9012345678901,1749.00,In Stock,2025-11-10T00:00:00Z
1621,ZenFone 10,3456789012345,4500.00,Backorder,2025-11-10T00:00:00Z
1622,SuperPhone X1,1234567890123,3990.00,In Stock,2025-11-10T00:00:00Z
1623,ProPhone Max 12,9876543210987,"",In Stock,2025-11-10T00:00:00Z
1624,MediaPad G5,4567890123456,1950.50,Out of Stock,2025-11-10T00:00:00Z
1625,BudgetPhone A3,8765432109876,2350.00,In Stock,2025-11-10T00:00:00Z
1626,Quantum Z,2345678901234,2290.00,In Stock,2025-11-10T00:00:00Z
1627,Apex 5G,7654321098765,4100.00,Backorder,2025-11-10T00:00:00Z
1628,Stellar Note,3456789012345,6150.00,Out of Stock,2025-11-10T00:00:00Z
1629,Horizon Fold,6543210987654,9999.00,Out of Stock,2025-11-10T00:00:00Z
1630,Eon 9 Pro,5678901234567,3149.90,In Stock,2025-11-10T00:00:00Z
1631,Velocity 100,4321098765432,5100.00,In Stock,2025-11-10T00:00:00Z
1632,Galaxy S23,7890123456789,5399.00,Backorder,2025-11-10T00:00:00Z
1633,iPhone 15 Pro,8901234567890,8250.00,Out of Stock,2025-11-10T00:00:00Z
1634,Pixel 8,6789012345678,3800.00,In Stock,2025-11-10T00:00:00Z
1635,Moto G84,9012345678901,1749.00,In Stock,2025-11-10T00:00:00Z
1636,ZenFone 10,3456789012345,4500.00,In Stock,2025-11-10T00:00:00Z
1637,SuperPhone X1,1234567890123,3990.00,Backorder,2025-11-10T00:00:00Z
1638,ProPhone Max 12,9876543210987,"",Out of Stock,2025-11-10T00:00:00Z
1639,MediaPad G5,4567890123456,1950.50,In Stock,2025-11-10T00:00:00Z
1640,BudgetPhone A3,8765432109876,2350.00,Backorder,2025-11-10T00:00:00Z
1641,Quantum Z,2345678901234,2290.00,Backorder,2025-11-10T00:00:00Z
1642,Apex 5G,7654321098765,4100.00,Backorder,2025-11-10T00:00:00Z
1643,Stellar Note,3456789012345,6150.00,In Stock,2025-11-10T00:00:00Z
1644,Horizon Fold,6543210987654,9999.00,Out of Stock,2025-11-10T00:00:00Z
1645,Eon 9 Pro,5678901234567,3149.90,Out of Stock,2025-11-10T00:00:00Z
1646,Velocity 100,4321098765432,5100.00,In Stock,2025-11-10T00:00:00Z
1647,Galaxy S23,7890123456789,5399.00,In Stock,2025-11-10T00:00:00Z
1648,iPhone 15 Pro,8901234567890,8250.00,Backorder,2025-11-10T00:00:00Z
1649,Pixel 8,6789012345678,3800.00,Out of Stock,2025-11-10T00:00:00Z
1650,Moto G84,9012345678901,1749.00,Backorder,2025-11-10T00:00:00Z
1651,ZenFone 10,3456789012345,4500.00,In Stock,2025-11-10T00:00:00Z
1652,SuperPhone X1,1234567890123,3990.00,Backorder,2025-11-10T00:00:00Z
1653,ProPhone Max 12,9876543210987,"",In Stock,2025-11-10T00:00:00Z
1654,MediaPad G5,4567890123456,1950.50,In Stock,2025-11-10T00:00:00Z
1655,BudgetPhone A3,8765432109876,2350.00,Backorder,2025-11-10T00:00:00Z
1656,Quantum Z,2345678901234,2290.00,Backorder,2025-11-10T00:00:00Z
1657,Apex 5G,7654321098765,4100.00,In Stock,2025-11-10T00:00:00Z
1658,Stellar Note,3456789012345,6150.00,Backorder,2025-11-10T00:00:00Z
1659,Horizon Fold,6543210987654,9999.00,Out of Stock,2025-11-10T00:00:00Z
1660,Eon 9 Pro,5678901234567,3149.90,Out of Stock,2025-11-10T00:00:00Z
1661,Velocity 100,4321098765432,5100.00,Out of Stock,2025-11-10T00:00:00Z
1662,Galaxy S23,7890123456789,5399.00,Backorder,2025-11-10T00:00:00Z
1663,iPhone 15 Pro,8901234567890,8250.00,Out of Stock,2025-11-10T00:00:00Z
1664,Pixel 8,6789012345678,3800.00,Backorder,2025-11-10T00:00:00Z
1665,Moto G84,9012345678901,1749.00,Out of Stock,2025-11-10T00:00:00Z
1666,ZenFone 10,3456789012345,4500.00,In Stock,2025-11-10T00:00:00Z
1667,SuperPhone X1,1234567890123,3990.00,Out of Stock,2025-11-10T00:00:00Z
1668,ProPhone Max 12,9876543210987,"",Out of Stock,2025-11-10T00:00:00Z
1669,MediaPad G5,4567890123456,1950.50,Out of Stock,2025-11-10T00:00:00Z
1670,BudgetPhone A3,8765432109876,2350.00,In Stock,2025-11-10T00:00:00Z
1671,Quantum Z,2345678901234,2290.00,In Stock,2025-11-10T00:00:00Z
1672,Apex 5G,7654321098765,4100.00,Backorder,2025-11-10T00:00:00Z
1673,Stellar Note,3456789012345,6150.00,In Stock,2025-11-10T00:00:00Z
1674,Horizon Fold,6543210987654,9999.00,Out of Stock,2025-11-10T00:00:00Z
1675,Eon 9 Pro,5678901234567,3149.90,In Stock,2025-11-10T00:00:00Z
1676,Velocity 100,4321098765432,5100.00,Backorder,2025-11-10T00:00:00Z
1677,Galaxy S23,7890123456789,5399.00,In Stock,2025-11-10T00:00:00Z
1678,iPhone 15 Pro,8901234567890,8250.00,In Stock,2025-11-10T00:00:00Z
1679,Pixel 8,6789012345678,3800.00,Out of Stock,2025-11-10T00:00:00Z
1680,Moto G84,9012345678901,1749.00,Out of Stock,2025-11-10T00:00:00Z
1681,ZenFone 10,3456789012345,4500.00,Backorder,2025-11-10T00:00:00Z
1682,SuperPhone X1,1234567890123,3990.00,In Stock,2025-11-10T00:00:00Z
1683,ProPhone Max 12,9876543210987,"",Backorder,2025-11-10T00:00:00Z
1684,MediaPad G5,4567890123456,1950.50,Backorder,2025-11-10T00:00:00Z
1685,BudgetPhone A3,8765432109876,2350.00,In Stock,2025-11-10T00:00:00Z
1686,Quantum Z,2345678901234,2290.00,In Stock,2025-11-10T00:00:00Z
1687,Apex 5G,7654321098765,4100.00,In Stock,2025-11-10T00:00:00Z
1688,Stellar Note,3456789012345,6150.00,In Stock,2025-11-10T00:00:00Z
1689,Horizon Fold,6543210987654,9999.00,Out of Stock,2025-11-10T00:00:00Z
1690,Eon 9 Pro,5678901234567,3149.90,In Stock,2025-11-10T00:00:00Z
1691,Velocity 100,4321098765432,5100.00,Backorder,2025-11-10T00:00:00Z
1692,Galaxy S23,7890123456789,5399.00,In Stock,2025-11-10T00:00:00Z
1693,iPhone 15 Pro,8901234567890,8250.00,In Stock,2025-11-10T00:00:00Z
1694,Pixel 8,6789012345678,3800.00,In Stock,2025-11-10T00:00:00Z
1695,Moto G84,9012345678901,1749.00,Out of Stock,2025-11-10T00:00:00Z
1696,ZenFone 10,3456789012345,4500.00,Out of Stock,2025-11-10T00:00:00Z
1697,SuperPhone X1,1234567890123,3990.00,Out of Stock,2025-11-10T00:00:00Z
1698,ProPhone Max 12,9876543210987,"",In Stock,2025-11-10T00:00:00Z
1699,MediaPad G5,4567890123456,1950.50,In Stock,2025-11-10T00:00:00Z
1700,BudgetPhone A3,8765432109876,2350.00,In Stock,2025-11-10T00:00:00Z
1701,Quantum Z,2345678901234,2290.00,Out of Stock,2025-11-10T00:00:00Z
1702,Apex 5G,7654321098765,4100.00,In Stock,2025-11-10T00:00:00Z
1703,Stellar Note,3456789012345,6150.00,Backorder,2025-11-10T00:00:00Z
1704,Horizon Fold,6543210987654,9999.00,In Stock,2025-11-10T00:00:00Z
1705,Eon 9 Pro,5678901234567,3149.90,In Stock,2025-11-10T00:00:00Z
1706,Velocity 100,4321098765432,5100.00,In Stock,2025-11-10T00:00:00Z
1707,Galaxy S23,7890123456789,5399.00,In Stock,2025-11-10T00:00:00Z
1708,iPhone 15 Pro,8901234567890,8250.00,Backorder,2025-11-10T00:00:00Z
1709,Pixel 8,6789012345678,3800.00,Backorder,2025-11-10T00:00:00Z
1710,Moto G84,9012345678901,1749.00,Backorder,2025-11-10T00:00:00Z
1711,ZenFone 10,3456789012345,4500.00,In Stock,2025-11-10T00:00:00Z
1712,SuperPhone X1,1234567890123,3990.00,Out of Stock,2025-11-10T00:00:00Z
1713,ProPhone Max 12,9876543210987,"",In Stock,2025-11-10T00:00:00Z
1714,MediaPad G5,4567890123456,1950.50,Backorder,2025-11-10T00:00:00Z
1715,BudgetPhone A3,8765432109876,2350.00,Backorder,2025-11-10T00:00:00Z
1716,Quantum Z,2345678901234,2290.00,In Stock,2025-11-10T00:00:00Z
1717,Apex 5G,7654321098765,4100.00,Backorder,2025-11-10T00:00:00Z
1718,Stellar Note,3456789012345,6150.00,Backorder,2025-11-10T00:00:00Z
1719,Horizon Fold,6543210987654,9999.00,Backorder,2025-11-10T00:00:00Z
1720,Eon 9 Pro,5678901234567,3149.90,Backorder,2025-11-10T00:00:00Z
1721,Velocity 100,4321098765432,5100.00,In Stock,2025-11-10T00:00:00Z
1722,Galaxy S23,7890123456789,5399.00,Backorder,2025-11-10T00:00:00Z
1723,iPhone 15 Pro,8901234567890,8250.00,Backorder,2025-11-10T00:00:00Z
1724,Pixel 8,6789012345678,3800.00,Out of Stock,2025-11-10T00:00:00Z
1725,Moto G84,9012345678901,1749.00,Backorder,2025-11-10T00:00:00Z
1726,ZenFone 10,3456789012345,4500.00,Backorder,2025-11-10T00:00:00Z
1727,SuperPhone X1,1234567890123,3990.00,Backorder,2025-11-10T00:00:00Z
1728,ProPhone Max 12,9876543210987,"",Backorder,2025-11-10T00:00:00Z
1729,MediaPad G5,4567890123456,1950.50,In Stock,2025-11-10T00:00:00Z
1730,BudgetPhone A3,8765432109876,2350.00,Backorder,2025-11-10T00:00:00Z
1731,Quantum Z,2345678901234,2290.00,Out of Stock,2025-11-10T00:00:00Z
1732,Apex 5G,7654321098765,4100.00,Backorder,2025-11-10T00:00:00Z
1733,Stellar Note,3456789012345,6150.00,In Stock,2025-11-10T00:00:00Z
1734,Horizon Fold,6543210987654,9999.00,Backorder,2025-11-10T00:00:00Z
1735,Eon 9 Pro,5678901234567,3149.90,Backorder,2025-11-10T00:00:00Z
1736,Velocity 100,4321098765432,5100.00,Backorder,2025-11-10T00:00:00Z
1737,Galaxy S23,7890123456789,5399.00,Out of Stock,2025-11-10T00:00:00Z
1738,iPhone 15 Pro,8901234567890,8250.00,Out of Stock,2025-11-10T00:00:00Z
1739,Pixel 8,6789012345678,3800.00,Out of Stock,2025-11-10T00:00:00Z
1740,Moto G84,9012345678901,1749.00,Out of Stock,2025-11-10T00:00:00Z
1741,ZenFone 10,3456789012345,4500.00,Backorder,2025-11-10T00:00:00Z
1742,SuperPhone X1,1234567890123,3990.00,Out of Stock,2025-11-10T00:00:00Z
1743,ProPhone Max 12,9876543210987,"",Backorder,2025-11-10T00:00:00Z
1744,MediaPad G5,4567890123456,1950.50,Out of Stock,2025-11-10T00:00:00Z
1745,BudgetPhone A3,8765432109876,2350.00,Backorder,2025-11-10T00:00:00Z
1746,Quantum Z,2345678901234,2290.00,Backorder,2025-11-10T00:00:00Z
1747,Apex 5G,7654321098765,4100.00,Backorder,2025-11-10T00:00:00Z
1748,Stellar Note,3456789012345,6150.00,Out of Stock,2025-11-10T00:00:00Z
1749,Horizon Fold,6543210987654,9999.00,In Stock,2025-11-10T00:00:00Z
1750,Eon 9 Pro,5678901234567,3149.90,Backorder,2025-11-10T00:00:00Z
1751,Velocity 100,4321098765432,5100.00,In Stock,2025-11-10T00:00:00Z
1752,Galaxy S23,7890123456789,5399.00,Backorder,2025-11-10T00:00:00Z
1753,iPhone 15 Pro,8901234567890,8250.00,Backorder,2025-11-10T00:00:00Z
1754,Pixel 8,6789012345678,3800.00,Out of Stock,2025-11-10T00:00:00Z
1755,Moto G84,9012345678901,1749.00,Backorder,2025-11-10T00:00:00Z
1756,ZenFone 10,3456789012345,4500.00,In Stock,2025-11-10T00:00:00Z
1757,SuperPhone X1,1234567890123,3990.00,In Stock,2025-11-10T00:00:00Z
1758,ProPhone Max 12,9876543210987,"",Backorder,2025-11-10T00:00:00Z
1759,MediaPad G5,4567890123456,1950.50,In Stock,2025-11-10T00:00:00Z
1760,BudgetPhone A3,8765432109876,2350.00,Backorder,2025-11-10T00:00:00Z
1761,Quantum Z,2345678901234,2290.00,Out of Stock,2025-11-10T00:00:00Z
1762,Apex 5G,7654321098765,4100.00,Backorder,2025-11-10T00:00:00Z
1763,Stellar Note,3456789012345,6150.00,In Stock,2025-11-10T00:00:00Z
1764,Horizon Fold,6543210987654,9999.00,In Stock,2025-11-10T00:00:00Z
1765,Eon 9 Pro,5678901234567,3149.90,Out of Stock,2025-11-10T00:00:00Z
1766,Velocity 100,4321098765432,5100.00,Out of Stock,2025-11-10T00:00:00Z
1767,Galaxy S23,7890123456789,5399.00,Out of Stock,2025-11-10T00:00:00Z
1768,iPhone 15 Pro,8901234567890,8250.00,In Stock,2025-11-10T00:00:00Z
1769,Pixel 8,6789012345678,3800.00,Out of Stock,2025-11-10T00:00:00Z
1770,Moto G84,9012345678901,1749.00,Backorder,2025-11-10T00:00:00Z
1771,ZenFone 10,3456789012345,4500.00,Out of Stock,2025-11-10T00:00:00Z
1772,SuperPhone X1,1234567890123,3990.00,In Stock,2025-11-10T00:00:00Z
1773,ProPhone Max 12,9876543210987,"",Out of Stock,2025-11-10T00:00:00Z
1774,MediaPad G5,4567890123456,1950.50,Backorder,2025-11-10T00:00:00Z
1775,BudgetPhone A3,8765432109876,2350.00,In Stock,2025-11-10T00:00:00Z
1776,Quantum Z,2345678901234,2290.00,Backorder,2025-11-10T00:00:00Z
1777,Apex 5G,7654321098765,4100.00,Out of Stock,2025-11-10T00:00:00Z
1778,Stellar Note,3456789012345,6150.00,In Stock,2025-11-10T00:00:00Z
1779,Horizon Fold,6543210987654,9999.00,Out of Stock,2025-11-10T00:00:00Z
1780,Eon 9 Pro,5678901234567,3149.90,In Stock,2025-11-10T00:00:00Z
1781,Velocity 100,4321098765432,5100.00,Backorder,2025-11-10T00:00:00Z
1782,Galaxy S23,7890123456789,5399.00,Backorder,2025-11-10T00:00:00Z
1783,iPhone 15 Pro,8901234567890,8250.00,Backorder,2025-11-10T00:00:00Z
1784,Pixel 8,6789012345678,3800.00,In Stock,2025-11-10T00:00:00Z
1785,Moto G84,9012345678901,1749.00,Out of Stock,2025-11-10T00:00:00Z
1786,ZenFone 10,3456789012345,4500.00,Backorder,2025-11-10T00:00:00Z
1787,SuperPhone X1,1234567890123,3990.00,In Stock,2025-11-10T00:00:00Z
1788,ProPhone Max 12,9876543210987,"",In Stock,2025-11-10T00:00:00Z
1789,MediaPad G5,4567890123456,1950.50,Out of Stock,2025-11-10T00:00:00Z
1790,BudgetPhone A3,8765432109876,2350.00,Backorder,2025-11-10T00:00:00Z
1791,Quantum Z,2345678901234,2290.00,Backorder,2025-11-10T00:00:00Z
1792,Apex 5G,7654321098765,4100.00,In Stock,2025-11-10T00:00:00Z
1793,Stellar Note,3456789012345,6150.00,Out of Stock,2025-11-10T00:00:00Z
1794,Horizon Fold,6543210987654,9999.00,In Stock,2025-11-10T00:00:00Z
1795,Eon 9 Pro,5678901234567,3149.90,Out of Stock,2025-11-10T00:00:00Z
1796,Velocity 100,4321098765432,5100.00,Backorder,2025-11-10T00:00:00Z
1797,Galaxy S23,7890123456789,5399.00,Out of Stock,2025-11-10T00:00:00Z
1798,iPhone 15 Pro,8901234567890,8250.00,Backorder,2025-11-10T00:00:00Z
1799,Pixel 8,6789012345678,3800.00,Backorder,2025-11-10T00:00:00Z
1800,Moto G84,9012345678901,1749.00,Out of Stock,2025-11-10T00:00:00Z
1801,ZenFone 10,3456789012345,4500.00,In Stock,2025-11-10T00:00:00Z
1802,SuperPhone X1,1234567890123,3990.00,Out of Stock,2025-11-10T00:00:00Z
1803,ProPhone Max 12,9876543210987,"",Out of Stock,2025-11-10T00:00:00Z
1804,MediaPad G5,4567890123456,1950.50,Backorder,2025-11-10T00:00:00Z
1805,BudgetPhone A3,8765432109876,2350.00,Backorder,2025-11-10T00:00:00Z
1806,Quantum Z,2345678901234,2290.00,Backorder,2025-11-10T00:00:00Z
1807,Apex 5G,7654321098765,4100.00,Backorder,2025-11-10T00:00:00Z
1808,Stellar Note,3456789012345,6150.00,In Stock,2025-11-10T00:00:00Z
1809,Horizon Fold,6543210987654,9999.00,Backorder,2025-11-10T00:00:00Z
1810,Eon 9 Pro,5678901234567,3149.90,Out of Stock,2025-11-10T00:00:00Z
1811,Velocity 100,4321098765432,5100.00,In Stock,2025-11-10T00:00:00Z
1812,Galaxy S23,7890123456789,5399.00,In Stock,2025-11-10T00:00:00Z
1813,iPhone 15 Pro,8901234567890,8250.00,Out of Stock,2025-11-10T00:00:00Z
1814,Pixel 8,6789012345678,3800.00,In Stock,2025-11-10T00:00:00Z
1815,Moto G84,9012345678901,1749.00,Out of Stock,2025-11-10T00:00:00Z
1816,ZenFone 10,3456789012345,4500.00,Out of Stock,2025-11-10T00:00:00Z
1817,SuperPhone X1,1234567890123,3990.00,In Stock,2025-11-10T00:00:00Z
1818,ProPhone Max 12,9876543210987,"",Backorder,2025-11-10T00:00:00Z
1819,MediaPad G5,4567890123456,1950.50,Backorder,2025-11-10T00:00:00Z
1820,BudgetPhone A3,8765432109876,2350.00,Out of Stock,2025-11-10T00:00:00Z
1821,Quantum Z,2345678901234,2290.00,In Stock,2025-11-10T00:00:00Z
1822,Apex 5G,7654321098765,4100.00,In Stock,2025-11-10T00:00:00Z
1823,Stellar Note,3456789012345,6150.00,In Stock,2025-11-10T00:00:00Z
1824,Horizon Fold,6543210987654,9999.00,Backorder,2025-11-10T00:00:00Z
1825,Eon 9 Pro,5678901234567,3149.90,Out of Stock,2025-11-10T00:00:00Z
1826,Velocity 100,4321098765432,5100.00,Backorder,2025-11-10T00:00:00Z
1827,Galaxy S23,7890123456789,5399.00,Backorder,2025-11-10T00:00:00Z
1828,iPhone 15 Pro,8901234567890,8250.00,Backorder,2025-11-10T00:00:00Z
1829,Pixel 8,6789012345678,3800.00,Backorder,2025-11-10T00:00:00Z
1830,Moto G84,9012345678901,1749.00,Backorder,2025-11-10T00:00:00Z
1831,ZenFone 10,3456789012345,4500.00,Out of Stock,2025-11-10T00:00:00Z
1832,SuperPhone X1,1234567890123,3990.00,Out of Stock,2025-11-10T00:00:00Z
1833,ProPhone Max 12,9876543210987,"",Backorder,2025-11-10T00:00:00Z
1834,MediaPad G5,4567890123456,1950.50,In Stock,2025-11-10T00:00:00Z
1835,BudgetPhone A3,8765432109876,2350.00,Out of Stock,2025-11-10T00:00:00Z
1836,Quantum Z,2345678901234,2290.00,Backorder,2025-11-10T00:00:00Z
1837,Apex 5G,7654321098765,4100.00,In Stock,2025-11-10T00:00:00Z
1838,Stellar Note,3456789012345,6150.00,Backorder,2025-11-10T00:00:00Z
1839,Horizon Fold,6543210987654,9999.00,In Stock,2025-11-10T00:00:00Z
1840,Eon 9 Pro,5678901234567,3149.90,Out of Stock,2025-11-10T00:00:00Z
1841,Velocity 100,4321098765432,5100.00,Out of Stock,2025-11-10T00:00:00Z
1842,Galaxy S23,7890123456789,5399.00,In Stock,2025-11-10T00:00:00Z
1843,iPhone 15 Pro,8901234567890,8250.00,In Stock,2025-11-10T00:00:00Z
1844,Pixel 8,6789012345678,3800.00,In Stock,2025-11-10T00:00:00Z
1845,Moto G84,9012345678901,1749.00,In Stock,2025-11-10T00:00:00Z
1846,ZenFone 10,3456789012345,4500.00,Backorder,2025-11-10T00:00:00Z
1847,SuperPhone X1,1234567890123,3990.00,Backorder,2025-11-10T00:00:00Z
1848,ProPhone Max 12,9876543210987,"",Backorder,2025-11-10T00:00:00Z
1849,MediaPad G5,4567890123456,1950.50,In Stock,2025-11-10T00:00:00Z
1850,BudgetPhone A3,8765432109876,2350.00,In Stock,2025-11-10T00:00:00Z
1851,Quantum Z,2345678901234,2290.00,Out of Stock,2025-11-10T00:00:00Z
1852,Apex 5G,7654321098765,4100.00,Out of Stock,2025-11-10T00:00:00Z
1853,Stellar Note,3456789012345,6150.00,Out of Stock,2025-11-10T00:00:00Z
1854,Horizon Fold,6543210987654,9999.00,Out of Stock,2025-11-10T00:00:00Z
1855,Eon 9 Pro,5678901234567,3149.90,Backorder,2025-11-10T00:00:00Z
1856,Velocity 100,4321098765432,5100.00,In Stock,2025-11-10T00:00:00Z
1857,Galaxy S23,7890123456789,5399.00,In Stock,2025-11-10T00:00:00Z
1858,iPhone 15 Pro,8901234567890,8250.00,Backorder,2025-11-10T00:00:00Z
1859,Pixel 8,6789012345678,3800.00,In Stock,2025-11-10T00:00:00Z
1860,Moto G84,9012345678901,1749.00,Backorder,2025-11-10T00:00:00Z
1861,ZenFone 10,3456789012345,4500.00,Out of Stock,2025-11-10T00:00:00Z
1862,SuperPhone X1,1234567890123,3990.00,Out of Stock,2025-11-10T00:00:00Z
1863,ProPhone Max 12,9876543210987,"",In Stock,2025-11-10T00:00:00Z
1864,MediaPad G5,4567890123456,1950.50,Out of Stock,2025-11-10T00:00:00Z
1865,BudgetPhone A3,8765432109876,2350.00,Out of Stock,2025-11-10T00:00:00Z
1866,Quantum Z,2345678901234,2290.00,Backorder,2025-11-10T00:00:00Z
1867,Apex 5G,7654321098765,4100.00,Out of Stock,2025-11-10T00:00:00Z
1868,Stellar Note,3456789012345,6150.00,In Stock,2025-11-10T00:00:00Z
1869,Horizon Fold,6543210987654,9999.00,Backorder,2025-11-10T00:00:00Z
1870,Eon 9 Pro,5678901234567,3149.90,In Stock,2025-11-10T00:00:00Z
1871,Velocity 100,4321098765432,5100.00,Out of Stock,2025-11-10T00:00:00Z
1872,Galaxy S23,7890123456789,5399.00,Out of Stock,2025-11-10T00:00:00Z
1873,iPhone 15 Pro,8901234567890,8250.00,In Stock,2025-11-10T00:00:00Z
1874,Pixel 8,6789012345678,3800.00,Out of Stock,2025-11-10T00:00:00Z
1875,Moto G84,9012345678901,1749.00,Out of Stock,2025-11-10T00:00:00Z
1876,ZenFone 10,3456789012345,4500.00,In Stock,2025-11-10T00:00:00Z
1877,SuperPhone X1,1234567890123,3990.00,In Stock,2025-11-10T00:00:00Z
1878,ProPhone Max 12,9876543210987,"",Backorder,2025-11-10T00:00:00Z
1879,MediaPad G5,4567890123456,1950.50,Backorder,2025-11-10T00:00:00Z
1880,BudgetPhone A3,8765432109876,2350.00,In Stock,2025-11-10T00:00:00Z
1881,Quantum Z,2345678901234,2290.00,Out of Stock,2025-11-10T00:00:00Z
1882,Apex 5G,7654321098765,4100.00,Out of Stock,2025-11-10T00:00:00Z
1883,Stellar Note,3456789012345,6150.00,In Stock,2025-11-10T00:00:00Z
1884,Horizon Fold,6543210987654,9999.00,Out of Stock,2025-11-10T00:00:00Z
1885,Eon 9 Pro,5678901234567,3149.90,Out of Stock,2025-11-10T00:00:00Z
1886,Velocity 100,4321098765432,5100.00,Backorder,2025-11-10T00:00:00Z
1887,Galaxy S23,7890123456789,5399.00,In Stock,2025-11-10T00:00:00Z
1888,iPhone 15 Pro,8901234567890,8250.00,In Stock,2025-11-10T00:00:00Z
1889,Pixel 8,6789012345678,3800.00,In Stock,2025-11-10T00:00:00Z
1890,Moto G84,9012345678901,1749.00,Out of Stock,2025-11-10T00:00:00Z
1891,ZenFone 10,3456789012345,4500.00,Out of Stock,2025-11-10T00:00:00Z
1892,SuperPhone X1,1234567890123,3990.00,Out of Stock,2025-11-10T00:00:00Z
1893,ProPhone Max 12,9876543210987,"",In Stock,2025-11-10T00:00:00Z
1894,MediaPad G5,4567890123456,1950.50,In Stock,2025-11-10T00:00:00Z
1895,BudgetPhone A3,8765432109876,2350.00,Out of Stock,2025-11-10T00:00:00Z
1896,Quantum Z,2345678901234,2290.00,Backorder,2025-11-10T00:00:00Z
1897,Apex 5G,7654321098765,4100.00,Out of Stock,2025-11-10T00:00:00Z
1898,Stellar Note,3456789012345,6150.00,Backorder,2025-11-10T00:00:00Z
1899,Horizon Fold,6543210987654,9999.00,Backorder,2025-11-10T00:00:00Z
1900,Eon 9 Pro,5678901234567,3149.90,In Stock,2025-11-10T00:00:00Z
1901,Velocity 100,4321098765432,5100.00,In Stock,2025-11-10T00:00:00Z
