id_produto,nome_produto,preco,ean,em_estoque,data_extracao
1,SuperPhone X1,R$ 3.999.90,1234567890123,false,10/11/2025
2,ProPhone Max 12,R$ 7.499.00,9876543210987,true,10/11/2025
3,MediaPad G5,R$ 1.890.50,4567890123456,true,10/11/2025
4,BudgetPhone A3,"",8765432109876,false,10/11/2025
5,Quantum Z,R$ 2.300.00,2345678901234,false,10/11/2025
6,Apex 5G,R$ 4.100.00,7654321098765,true,10/11/2025
7,Stellar Note,R$ 6.200.00,3456789012345,true,10/11/2025
8,Horizon Fold,R$ 9.999.00,6543210987654,false,10/11/2025
9,Eon 9 Pro,R$ 3.150.00,5678901234567,false,10/11/2025
10,Velocity 100,"",4321098765432,true,10/11/2025
11,Galaxy S23,R$ 5.400.00,7890123456789,false,10/11/2025
12,iPhone 15 Pro,R$ 8.200.00,8901234567890,false,10/11/2025
13,Pixel 8,R$ 3.800.00,6789012345678,true,10/11/2025
14,Moto G84,R$ 1.750.00,9012345678901,false,10/11/2025
15,ZenFone 10,"",3456789012345,true,10/11/2025
16,SuperPhone X1,R$ 3.999.90,1234567890123,false,10/11/2025
17,ProPhone Max 12,R$ 7.499.00,9876543210987,true,10/11/2025
18,MediaPad G5,R$ 1.890.50,4567890123456,true,10/11/2025
19,BudgetPhone A3,"",8765432109876,false,10/11/2025
20,Quantum Z,R$ 2.300.00,2345678901234,true,10/11/2025
21,Apex 5G,R$ 4.100.00,7654321098765,true,10/11/2025
22,Stellar Note,R$ 6.200.00,3456789012345,true,10/11/2025
23,Horizon Fold,R$ 9.999.00,6543210987654,false,10/11/2025
24,Eon 9 Pro,R$ 3.150.00,5678901234567,true,10/11/2025
25,Velocity 100,"",4321098765432,true,10/11/2025
26,Galaxy S23,R$ 5.400.00,7890123456789,false,10/11/2025
27,iPhone 15 Pro,R$ 8.200.00,8901234567890,false,10/11/2025
28,Pixel 8,R$ 3.800.00,6789012345678,true,10/11/2025
29,Moto G84,R$ 1.750.00,9012345678901,true,10/11/2025
30,ZenFone 10,"",3456789012345,false,10/11/2025
31,SuperPhone X1,R$ 3.999.90,1234567890123,false,10/11/2025
32,ProPhone Max 12,R$ 7.499.00,9876543210987,true,10/11/2025
33,MediaPad G5,R$ 1.890.50,4567890123456,false,10/11/2025
34,BudgetPhone A3,"",8765432109876,false,10/11/2025
35,Quantum Z,R$ 2.300.00,2345678901234,false,10/11/2025
36,Apex 5G,R$ 4.100.00,7654321098765,false,10/11/2025
37,Stellar Note,R$ 6.200.00,3456789012345,true,10/11/2025
38,Horizon Fold,R$ 9.999.00,6543210987654,false,10/11/2025
39,Eon 9 Pro,R$ 3.150.00,5678901234567,false,10/11/2025
40,Velocity 100,"",4321098765432,true,10/11/2025
41,Galaxy S23,R$ 5.400.00,7890123456789,false,10/11/2025
42,iPhone 15 Pro,R$ 8.200.00,8901234567890,true,10/11/2025
43,Pixel 8,R$ 3.800.00,6789012345678,true,10/11/2025
44,Moto G84,R$ 1.750.00,9012345678901,true,10/11/2025
45,ZenFone 10,"",3456789012345,true,10/11/2025
46,SuperPhone X1,R$ 3.999.90,1234567890123,true,10/11/2025
47,ProPhone Max 12,R$ 7.499.00,9876543210987,false,10/11/2025
48,MediaPad G5,R$ 1.890.50,4567890123456,true,10/11/2025
49,BudgetPhone A3,"",8765432109876,true,10/11/2025
50,Quantum Z,R$ 2.300.00,2345678901234,false,10/11/2025
51,Apex 5G,R$ 4.100.00,7654321098765,false,10/11/2025
52,Stellar Note,R$ 6.200.00,3456789012345,true,10/11/2025
53,Horizon Fold,R$ 9.999.00,6543210987654,false,10/11/2025
54,Eon 9 Pro,R$ 3.150.00,5678901234567,false,10/11/2025
55,Velocity 100,"",4321098765432,false,10/11/2025
56,Galaxy S23,R$ 5.400.00,7890123456789,true,10/11/2025
57,iPhone 15 Pro,R$ 8.200.00,8901234567890,true,10/11/2025
58,Pixel 8,R$ 3.800.00,6789012345678,true,10/11/2025
59,Moto G84,R$ 1.750.00,9012345678901,true,10/11/2025
60,ZenFone 10,"",3456789012345,false,10/11/2025
61,SuperPhone X1,R$ 3.999.90,1234567890123,false,10/11/2025
62,ProPhone Max 12,R$ 7.499.00,9876543210987,true,10/11/2025
63,MediaPad G5,R$ 1.890.50,4567890123456,true,10/11/2025
64,BudgetPhone A3,"",8765432109876,true,10/11/2025
65,Quantum Z,R$ 2.300.00,2345678901234,false,10/11/2025
66,Apex 5G,R$ 4.100.00,7654321098765,true,10/11/2025
67,Stellar Note,R$ 6.200.00,3456789012345,false,10/11/2025
68,Horizon Fold,R$ 9.999.00,6543210987654,false,10/11/2025
69,Eon 9 Pro,R$ 3.150.00,5678901234567,false,10/11/2025
70,Velocity 100,"",4321098765432,false,10/11/2025
71,Galaxy S23,R$ 5.400.00,7890123456789,false,10/11/2025
72,iPhone 15 Pro,R$ 8.200.00,8901234567890,true,10/11/2025
73,Pixel 8,R$ 3.800.00,6789012345678,true,10/11/2025
74,Moto G84,R$ 1.750.00,9012345678901,true,10/11/2025
75,ZenFone 10,"",3456789012345,false,10/11/2025
76,SuperPhone X1,R$ 3.999.90,1234567890123,true,10/11/2025
77,ProPhone Max 12,R$ 7.499.00,9876543210987,false,10/11/2025
78,MediaPad G5,R$ 1.890.50,4567890123456,false,10/11/2025
79,BudgetPhone A3,"",8765432109876,false,10/11/2025
80,Quantum Z,R$ 2.300.00,2345678901234,true,10/11/2025
81,Apex 5G,R$ 4.100.00,7654321098765,false,10/11/2025
82,Stellar Note,R$ 6.200.00,3456789012345,true,10/11/2025
83,Horizon Fold,R$ 9.999.00,6543210987654,false,10/11/2025
84,Eon 9 Pro,R$ 3.150.00,5678901234567,true,10/11/2025
85,Velocity 100,"",4321098765432,true,10/11/2025
86,Galaxy S23,R$ 5.400.00,7890123456789,true,10/11/2025
87,iPhone 15 Pro,R$ 8.200.00,8901234567890,false,10/11/2025
88,Pixel 8,R$ 3.800.00,6789012345678,true,10/11/2025
89,Moto G84,R$ 1.750.00,9012345678901,true,10/11/2025
90,ZenFone 10,"",3456789012345,false,10/11/2025
91,SuperPhone X1,R$ 3.999.90,1234567890123,false,10/11/2025
92,ProPhone Max 12,R$ 7.499.00,9876543210987,true,10/11/2025
93,MediaPad G5,R$ 1.890.50,4567890123456,true,10/11/2025
94,BudgetPhone A3,"",8765432109876,true,10/11/2025
95,Quantum Z,R$ 2.300.00,2345678901234,false,10/11/2025
96,Apex 5G,R$ 4.100.00,7654321098765,true,10/11/2025
97,Stellar Note,R$ 6.200.00,3456789012345,false,10/11/2025
98,Horizon Fold,R$ 9.999.00,6543210987654,true,10/11/2025
99,Eon 9 Pro,R$ 3.150.00,5678901234567,true,10/11/2025
100,Velocity 100,"",4321098765432,true,10/11/2025
101,Galaxy S23,R$ 5.400.00,7890123456789,false,10/11/2025
102,iPhone 15 Pro,R$ 8.200.00,8901234567890,false,10/11/2025
103,Pixel 8,R$ 3.800.00,6789012345678,false,10/11/2025
104,Moto G84,R$ 1.750.00,9012345678901,false,10/11/2025
105,ZenFone 10,"",3456789012345,false,10/11/2025
106,SuperPhone X1,R$ 3.999.90,1234567890123,true,10/11/2025
107,ProPhone Max 12,R$ 7.499.00,9876543210987,false,10/11/2025
108,MediaPad G5,R$ 1.890.50,4567890123456,false,10/11/2025
109,BudgetPhone A3,"",8765432109876,true,10/11/2025
110,Quantum Z,R$ 2.300.00,2345678901234,true,10/11/2025
111,Apex 5G,R$ 4.100.00,7654321098765,false,10/11/2025
112,Stellar Note,R$ 6.200.00,3456789012345,true,10/11/2025
113,Horizon Fold,R$ 9.999.00,6543210987654,true,10/11/2025
114,Eon 9 Pro,R$ 3.150.00,5678901234567,true,10/11/2025
115,Velocity 100,"",4321098765432,true,10/11/2025
116,Galaxy S23,R$ 5.400.00,7890123456789,true,10/11/2025
117,iPhone 15 Pro,R$ 8.200.00,8901234567890,false,10/11/2025
118,Pixel 8,R$ 3.800.00,6789012345678,false,10/11/2025
119,Moto G84,R$ 1.750.00,9012345678901,true,10/11/2025
120,ZenFone 10,"",3456789012345,false,10/11/2025
121,SuperPhone X1,R$ 3.999.90,1234567890123,true,10/11/2025
122,ProPhone Max 12,R$ 7.499.00,9876543210987,true,10/11/2025
123,MediaPad G5,R$ 1.890.50,4567890123456,true,10/11/2025
124,BudgetPhone A3,"",8765432109876,false,10/11/2025
125,Quantum Z,R$ 2.300.00,2345678901234,true,10/11/2025
126,Apex 5G,R$ 4.100.00,7654321098765,false,10/11/2025
127,Stellar Note,R$ 6.200.00,3456789012345,false,10/11/2025
128,Horizon Fold,R$ 9.999.00,6543210987654,true,10/11/2025
129,Eon 9 Pro,R$ 3.150.00,5678901234567,true,10/11/2025
130,Velocity 100,"",4321098765432,true,10/11/2025
131,Galaxy S23,R$ 5.400.00,7890123456789,false,10/11/2025
132,iPhone 15 Pro,R$ 8.200.00,8901234567890,true,10/11/2025
133,Pixel 8,R$ 3.800.00,6789012345678,true,10/11/2025
134,Moto G84,R$ 1.750.00,9012345678901,false,10/11/2025
135,ZenFone 10,"",3456789012345,false,10/11/2025
136,SuperPhone X1,R$ 3.999.90,1234567890123,false,10/11/2025
137,ProPhone Max 12,R$ 7.499.00,9876543210987,true,10/11/2025
138,MediaPad G5,R$ 1.890.50,4567890123456,false,10/11/2025
139,BudgetPhone A3,"",8765432109876,true,10/11/2025
140,Quantum Z,R$ 2.300.00,2345678901234,false,10/11/2025
141,Apex 5G,R$ 4.100.00,7654321098765,false,10/11/2025
142,Stellar Note,R$ 6.200.00,3456789012345,true,10/11/2025
143,Horizon Fold,R$ 9.999.00,6543210987654,true,10/11/2025
144,Eon 9 Pro,R$ 3.150.00,5678901234567,false,10/11/2025
145,Velocity 100,"",4321098765432,false,10/11/2025
146,Galaxy S23,R$ 5.400.00,7890123456789,false,10/11/2025
147,iPhone 15 Pro,R$ 8.200.00,8901234567890,false,10/11/2025
148,Pixel 8,R$ 3.800.00,6789012345678,false,10/11/2025
149,Moto G84,R$ 1.750.00,9012345678901,false,10/11/2025
150,ZenFone 10,"",3456789012345,false,10/11/2025
151,SuperPhone X1,R$ 3.999.90,1234567890123,true,10/11/2025
152,ProPhone Max 12,R$ 7.499.00,9876543210987,false,10/11/2025
153,MediaPad G5,R$ 1.890.50,4567890123456,true,10/11/2025
154,BudgetPhone A3,"",8765432109876,true,10/11/2025
155,Quantum Z,R$ 2.300.00,2345678901234,true,10/11/2025
156,Apex 5G,R$ 4.100.00,7654321098765,true,10/11/2025
157,Stellar Note,R$ 6.200.00,3456789012345,true,10/11/2025
158,Horizon Fold,R$ 9.999.00,6543210987654,true,10/11/2025
159,Eon 9 Pro,R$ 3.150.00,5678901234567,true,10/11/2025
160,Velocity 100,"",4321098765432,false,10/11/2025
161,Galaxy S23,R$ 5.400.00,7890123456789,false,10/11/2025
162,iPhone 15 Pro,R$ 8.200.00,8901234567890,true,10/11/2025
163,Pixel 8,R$ 3.800.00,6789012345678,true,10/11/2025
164,Moto G84,R$ 1.750.00,9012345678901,false,10/11/2025
165,ZenFone 10,"",3456789012345,false,10/11/2025
166,SuperPhone X1,R$ 3.999.90,1234567890123,true,10/11/2025
167,ProPhone Max 12,R$ 7.499.00,9876543210987,false,10/11/2025
168,MediaPad G5,R$ 1.890.50,4567890123456,true,10/11/2025
169,BudgetPhone A3,"",8765432109876,false,10/11/2025
170,Quantum Z,R$ 2.300.00,2345678901234,false,10/11/2025
171,Apex 5G,R$ 4.100.00,7654321098765,true,10/11/2025
172,Stellar Note,R$ 6.200.00,3456789012345,true,10/11/2025
173,Horizon Fold,R$ 9.999.00,6543210987654,false,10/11/2025
174,Eon 9 Pro,R$ 3.150.00,5678901234567,false,10/11/2025
175,Velocity 100,"",4321098765432,true,10/11/2025
176,Galaxy S23,R$ 5.400.00,7890123456789,false,10/11/2025
177,iPhone 15 Pro,R$ 8.200.00,8901234567890,true,10/11/2025
178,Pixel 8,R$ 3.800.00,6789012345678,false,10/11/2025
179,Moto G84,R$ 1.750.00,9012345678901,false,10/11/2025
180,ZenFone 10,"",3456789012345,false,10/11/2025
181,SuperPhone X1,R$ 3.999.90,1234567890123,true,10/11/2025
182,ProPhone Max 12,R$ 7.499.00,9876543210987,false,10/11/2025
183,MediaPad G5,R$ 1.890.50,4567890123456,true,10/11/2025
184,BudgetPhone A3,"",8765432109876,false,10/11/2025
185,Quantum Z,R$ 2.300.00,2345678901234,false,10/11/2025
186,Apex 5G,R$ 4.100.00,7654321098765,true,10/11/2025
187,Stellar Note,R$ 6.200.00,3456789012345,false,10/11/2025
188,Horizon Fold,R$ 9.999.00,6543210987654,false,10/11/2025
189,Eon 9 Pro,R$ 3.150.00,5678901234567,false,10/11/2025
190,Velocity 100,"",4321098765432,true,10/11/2025
191,Galaxy S23,R$ 5.400.00,7890123456789,false,10/11/2025
192,iPhone 15 Pro,R$ 8.200.00,8901234567890,false,10/11/2025
193,Pixel 8,R$ 3.800.00,6789012345678,false,10/11/2025
194,Moto G84,R$ 1.750.00,9012345678901,true,10/11/2025
195,ZenFone 10,"",3456789012345,false,10/11/2025
196,SuperPhone X1,R$ 3.999.90,1234567890123,true,10/11/2025
197,ProPhone Max 12,R$ 7.499.00,9876543210987,true,10/11/2025
198,MediaPad G5,R$ 1.890.50,4567890123456,true,10/11/2025
199,BudgetPhone A3,"",8765432109876,false,10/11/2025
200,Quantum Z,R$ 2.300.00,2345678901234,true,10/11/2025
201,Apex 5G,R$ 4.100.00,7654321098765,true,10/11/2025
202,Stellar Note,R$ 6.200.00,3456789012345,true,10/11/2025
203,Horizon Fold,R$ 9.999.00,6543210987654,false,10/11/2025
204,Eon 9 Pro,R$ 3.150.00,5678901234567,true,10/11/2025
205,Velocity 100,"",4321098765432,false,10/11/2025
206,Galaxy S23,R$ 5.400.00,7890123456789,true,10/11/2025
207,iPhone 15 Pro,R$ 8.200.00,8901234567890,false,10/11/2025
208,Pixel 8,R$ 3.800.00,6789012345678,true,10/11/2025
209,Moto G84,R$ 1.750.00,9012345678901,true,10/11/2025
210,ZenFone 10,"",3456789012345,true,10/11/2025
211,SuperPhone X1,R$ 3.999.90,1234567890123,true,10/11/2025
212,ProPhone Max 12,R$ 7.499.00,9876543210987,true,10/11/2025
213,MediaPad G5,R$ 1.890.50,4567890123456,false,10/11/2025
214,BudgetPhone A3,"",8765432109876,false,10/11/2025
215,Quantum Z,R$ 2.300.00,2345678901234,false,10/11/2025
216,Apex 5G,R$ 4.100.00,7654321098765,true,10/11/2025
217,Stellar Note,R$ 6.200.00,3456789012345,true,10/11/2025
218,Horizon Fold,R$ 9.999.00,6543210987654,true,10/11/2025
219,Eon 9 Pro,R$ 3.150.00,5678901234567,true,10/11/2025
220,Velocity 100,"",4321098765432,true,10/11/2025
221,Galaxy S23,R$ 5.400.00,7890123456789,true,10/11/2025
222,iPhone 15 Pro,R$ 8.200.00,8901234567890,false,10/11/2025
223,Pixel 8,R$ 3.800.00,6789012345678,false,10/11/2025
224,Moto G84,R$ 1.750.00,9012345678901,true,10/11/2025
225,ZenFone 10,"",3456789012345,false,10/11/2025
226,SuperPhone X1,R$ 3.999.90,1234567890123,true,10/11/2025
227,ProPhone Max 12,R$ 7.499.00,9876543210987,true,10/11/2025
228,MediaPad G5,R$ 1.890.50,4567890123456,false,10/11/2025
229,BudgetPhone A3,"",8765432109876,false,10/11/2025
230,Quantum Z,R$ 2.300.00,2345678901234,true,10/11/2025
231,Apex 5G,R$ 4.100.00,7654321098765,true,10/11/2025
232,Stellar Note,R$ 6.200.00,3456789012345,true,10/11/2025
233,Horizon Fold,R$ 9.999.00,6543210987654,false,10/11/2025
234,Eon 9 Pro,R$ 3.150.00,5678901234567,false,10/11/2025
235,Velocity 100,"",4321098765432,false,10/11/2025
236,Galaxy S23,R$ 5.400.00,7890123456789,true,10/11/2025
237,iPhone 15 Pro,R$ 8.200.00,8901234567890,true,10/11/2025
238,Pixel 8,R$ 3.800.00,6789012345678,true,10/11/2025
239,Moto G84,R$ 1.750.00,9012345678901,false,10/11/2025
240,ZenFone 10,"",3456789012345,true,10/11/2025
241,SuperPhone X1,R$ 3.999.90,1234567890123,false,10/11/2025
242,ProPhone Max 12,R$ 7.499.00,9876543210987,false,10/11/2025
243,MediaPad G5,R$ 1.890.50,4567890123456,false,10/11/2025
244,BudgetPhone A3,"",8765432109876,true,10/11/2025
245,Quantum Z,R$ 2.300.00,2345678901234,true,10/11/2025
246,Apex 5G,R$ 4.100.00,7654321098765,true,10/11/2025
247,Stellar Note,R$ 6.200.00,3456789012345,true,10/11/2025
248,Horizon Fold,R$ 9.999.00,6543210987654,false,10/11/2025
249,Eon 9 Pro,R$ 3.150.00,5678901234567,true,10/11/2025
250,Velocity 100,"",4321098765432,false,10/11/2025
251,Galaxy S23,R$ 5.400.00,7890123456789,true,10/11/2025
252,iPhone 15 Pro,R$ 8.200.00,8901234567890,false,10/11/2025
253,Pixel 8,R$ 3.800.00,6789012345678,true,10/11/2025
254,Moto G84,R$ 1.750.00,9012345678901,false,10/11/2025
255,ZenFone 10,"",3456789012345,true,10/11/2025
256,SuperPhone X1,R$ 3.999.90,1234567890123,true,10/11/2025
257,ProPhone Max 12,R$ 7.499.00,9876543210987,false,10/11/2025
258,MediaPad G5,R$ 1.890.50,4567890123456,false,10/11/2025
259,BudgetPhone A3,"",8765432109876,true,10/11/2025
260,Quantum Z,R$ 2.300.00,2345678901234,true,10/11/2025
261,Apex 5G,R$ 4.100.00,7654321098765,false,10/11/2025
262,Stellar Note,R$ 6.200.00,3456789012345,false,10/11/2025
263,Horizon Fold,R$ 9.999.00,6543210987654,false,10/11/2025
264,Eon 9 Pro,R$ 3.150.00,5678901234567,false,10/11/2025
265,Velocity 100,"",4321098765432,false,10/11/2025
266,Galaxy S23,R$ 5.400.00,7890123456789,true,10/11/2025
267,iPhone 15 Pro,R$ 8.200.00,8901234567890,false,10/11/2025
268,Pixel 8,R$ 3.800.00,6789012345678,false,10/11/2025
269,Moto G84,R$ 1.750.00,9012345678901,false,10/11/2025
270,ZenFone 10,"",3456789012345,false,10/11/2025
271,SuperPhone X1,R$ 3.999.90,1234567890123,true,10/11/2025
272,ProPhone Max 12,R$ 7.499.00,9876543210987,false,10/11/2025
273,MediaPad G5,R$ 1.890.50,4567890123456,true,10/11/2025
274,BudgetPhone A3,"",8765432109876,true,10/11/2025
275,Quantum Z,R$ 2.300.00,2345678901234,true,10/11/2025
276,Apex 5G,R$ 4.100.00,7654321098765,false,10/11/2025
277,Stellar Note,R$ 6.200.00,3456789012345,false,10/11/2025
278,Horizon Fold,R$ 9.999.00,6543210987654,false,10/11/2025
279,Eon 9 Pro,R$ 3.150.00,5678901234567,true,10/11/2025
280,Velocity 100,"",4321098765432,true,10/11/2025
281,Galaxy S23,R$ 5.400.00,7890123456789,false,10/11/2025
282,iPhone 15 Pro,R$ 8.200.00,8901234567890,false,10/11/2025
283,Pixel 8,R$ 3.800.00,6789012345678,false,10/11/2025
284,Moto G84,R$ 1.750.00,9012345678901,true,10/11/2025
285,ZenFone 10,"",3456789012345,false,10/11/2025
286,SuperPhone X1,R$ 3.999.90,1234567890123,true,10/11/2025
287,ProPhone Max 12,R$ 7.499.00,9876543210987,true,10/11/2025
288,MediaPad G5,R$ 1.890.50,4567890123456,false,10/11/2025
289,BudgetPhone A3,"",8765432109876,true,10/11/2025
290,Quantum Z,R$ 2.300.00,2345678901234,true,10/11/2025
291,Apex 5G,R$ 4.100.00,7654321098765,true,10/11/2025
292,Stellar Note,R$ 6.200.00,3456789012345,true,10/11/2025
293,Horizon Fold,R$ 9.999.00,6543210987654,true,10/11/2025
294,Eon 9 Pro,R$ 3.150.00,5678901234567,false,10/11/2025
295,Velocity 100,"",4321098765432,true,10/11/2025
296,Galaxy S23,R$ 5.400.00,7890123456789,false,10/11/2025
297,iPhone 15 Pro,R$ 8.200.00,8901234567890,true,10/11/2025
298,Pixel 8,R$ 3.800.00,6789012345678,true,10/11/2025
299,Moto G84,R$ 1.750.00,9012345678901,false,10/11/2025
300,ZenFone 10,"",3456789012345,false,10/11/2025
301,SuperPhone X1,R$ 3.999.90,1234567890123,false,10/11/2025
302,ProPhone Max 12,R$ 7.499.00,9876543210987,false,10/11/2025
303,MediaPad G5,R$ 1.890.50,4567890123456,true,10/11/2025
304,BudgetPhone A3,"",8765432109876,true,10/11/2025
305,Quantum Z,R$ 2.300.00,2345678901234,true,10/11/2025
306,Apex 5G,R$ 4.100.00,7654321098765,true,10/11/2025
307,Stellar Note,R$ 6.200.00,3456789012345,false,10/11/2025
308,Horizon Fold,R$ 9.999.00,6543210987654,true,10/11/2025
309,Eon 9 Pro,R$ 3.150.00,5678901234567,true,10/11/2025
310,Velocity 100,"",4321098765432,false,10/11/2025
311,Galaxy S23,R$ 5.400.00,7890123456789,true,10/11/2025
312,iPhone 15 Pro,R$ 8.200.00,8901234567890,true,10/11/2025
313,Pixel 8,R$ 3.800.00,6789012345678,true,10/11/2025
314,Moto G84,R$ 1.750.00,9012345678901,false,10/11/2025
315,ZenFone 10,"",3456789012345,true,10/11/2025
316,SuperPhone X1,R$ 3.999.90,1234567890123,false,10/11/2025
317,ProPhone Max 12,R$ 7.499.00,9876543210987,true,10/11/2025
318,MediaPad G5,R$ 1.890.50,4567890123456,false,10/11/2025
319,BudgetPhone A3,"",8765432109876,true,10/11/2025
320,Quantum Z,R$ 2.300.00,2345678901234,true,10/11/2025
321,Apex 5G,R$ 4.100.00,7654321098765,true,10/11/2025
322,Stellar Note,R$ 6.200.00,3456789012345,false,10/11/2025
323,Horizon Fold,R$ 9.999.00,6543210987654,true,10/11/2025
324,Eon 9 Pro,R$ 3.150.00,5678901234567,false,10/11/2025
325,Velocity 100,"",4321098765432,false,10/11/2025
326,Galaxy S23,R$ 5.400.00,7890123456789,false,10/11/2025
327,iPhone 15 Pro,R$ 8.200.00,8901234567890,false,10/11/2025
328,Pixel 8,R$ 3.800.00,6789012345678,false,10/11/2025
329,Moto G84,R$ 1.750.00,9012345678901,true,10/11/2025
330,ZenFone 10,"",3456789012345,false,10/11/2025
331,SuperPhone X1,R$ 3.999.90,1234567890123,false,10/11/2025
332,ProPhone Max 12,R$ 7.499.00,9876543210987,false,10/11/2025
333,MediaPad G5,R$ 1.890.50,4567890123456,true,10/11/2025
334,BudgetPhone A3,"",8765432109876,true,10/11/2025
335,Quantum Z,R$ 2.300.00,2345678901234,true,10/11/2025
336,Apex 5G,R$ 4.100.00,7654321098765,false,10/11/2025
337,Stellar Note,R$ 6.200.00,3456789012345,true,10/11/2025
338,Horizon Fold,R$ 9.999.00,6543210987654,true,10/11/2025
339,Eon 9 Pro,R$ 3.150.00,5678901234567,false,10/11/2025
340,Velocity 100,"",4321098765432,false,10/11/2025
341,Galaxy S23,R$ 5.400.00,7890123456789,true,10/11/2025
342,iPhone 15 Pro,R$ 8.200.00,8901234567890,false,10/11/2025
343,Pixel 8,R$ 3.800.00,6789012345678,false,10/11/2025
344,Moto G84,R$ 1.750.00,9012345678901,true,10/11/2025
345,ZenFone 10,"",3456789012345,true,10/11/2025
346,SuperPhone X1,R$ 3.999.90,1234567890123,true,10/11/2025
347,ProPhone Max 12,R$ 7.499.00,9876543210987,true,10/11/2025
348,MediaPad G5,R$ 1.890.50,4567890123456,true,10/11/2025
349,BudgetPhone A3,"",8765432109876,false,10/11/2025
350,Quantum Z,R$ 2.300.00,2345678901234,true,10/11/2025
351,Apex 5G,R$ 4.100.00,7654321098765,false,10/11/2025
352,Stellar Note,R$ 6.200.00,3456789012345,false,10/11/2025
353,Horizon Fold,R$ 9.999.00,6543210987654,false,10/11/2025
354,Eon 9 Pro,R$ 3.150.00,5678901234567,false,10/11/2025
355,Velocity 100,"",4321098765432,true,10/11/2025
356,Galaxy S23,R$ 5.400.00,7890123456789,true,10/11/2025
357,iPhone 15 Pro,R$ 8.200.00,8901234567890,false,10/11/2025
358,Pixel 8,R$ 3.800.00,6789012345678,true,10/11/2025
359,Moto G84,R$ 1.750.00,9012345678901,false,10/11/2025
360,ZenFone 10,"",3456789012345,true,10/11/2025
361,SuperPhone X1,R$ 3.999.90,1234567890123,false,10/11/2025
362,ProPhone Max 12,R$ 7.499.00,9876543210987,false,10/11/2025
363,MediaPad G5,R$ 1.890.50,4567890123456,true,10/11/2025
364,BudgetPhone A3,"",8765432109876,true,10/11/2025
365,Quantum Z,R$ 2.300.00,2345678901234,true,10/11/2025
366,Apex 5G,R$ 4.100.00,7654321098765,false,10/11/2025
367,Stellar Note,R$ 6.200.00,3456789012345,true,10/11/2025
368,Horizon Fold,R$ 9.999.00,6543210987654,false,10/11/2025
369,Eon 9 Pro,R$ 3.150.00,5678901234567,false,10/11/2025
370,Velocity 100,"",4321098765432,false,10/11/2025
371,Galaxy S23,R$ 5.400.00,7890123456789,false,10/11/2025
372,iPhone 15 Pro,R$ 8.200.00,8901234567890,false,10/11/2025
373,Pixel 8,R$ 3.800.00,6789012345678,true,10/11/2025
374,Moto G84,R$ 1.750.00,9012345678901,false,10/11/2025
375,ZenFone 10,"",3456789012345,true,10/11/2025
376,SuperPhone X1,R$ 3.999.90,1234567890123,true,10/11/2025
377,ProPhone Max 12,R$ 7.499.00,9876543210987,false,10/11/2025
378,MediaPad G5,R$ 1.890.50,4567890123456,true,10/11/2025
379,BudgetPhone A3,"",8765432109876,false,10/11/2025
380,Quantum Z,R$ 2.300.00,2345678901234,true,10/11/2025
381,Apex 5G,R$ 4.100.00,7654321098765,false,10/11/2025
382,Stellar Note,R$ 6.200.00,3456789012345,true,10/11/2025
383,Horizon Fold,R$ 9.999.00,6543210987654,true,10/11/2025
384,Eon 9 Pro,R$ 3.150.00,5678901234567,true,10/11/2025
385,Velocity 100,"",4321098765432,false,10/11/2025
386,Galaxy S23,R$ 5.400.00,7890123456789,true,10/11/2025
387,iPhone 15 Pro,R$ 8.200.00,8901234567890,true,10/11/2025
388,Pixel 8,R$ 3.800.00,6789012345678,false,10/11/2025
389,Moto G84,R$ 1.750.00,9012345678901,false,10/11/2025
390,ZenFone 10,"",3456789012345,false,10/11/2025
391,SuperPhone X1,R$ 3.999.90,1234567890123,true,10/11/2025
392,ProPhone Max 12,R$ 7.499.00,9876543210987,false,10/11/2025
393,MediaPad G5,R$ 1.890.50,4567890123456,false,10/11/2025
394,BudgetPhone A3,"",8765432109876,true,10/11/2025
395,Quantum Z,R$ 2.300.00,2345678901234,true,10/11/2025
396,Apex 5G,R$ 4.100.00,7654321098765,true,10/11/2025
397,Stellar Note,R$ 6.200.00,3456789012345,false,10/11/2025
398,Horizon Fold,R$ 9.999.00,6543210987654,false,10/11/2025
399,Eon 9 Pro,R$ 3.150.00,5678901234567,true,10/11/2025
400,Velocity 100,"",4321098765432,true,10/11/2025
401,Galaxy S23,R$ 5.400.00,7890123456789,true,10/11/2025
402,iPhone 15 Pro,R$ 8.200.00,8901234567890,false,10/11/2025
403,Pixel 8,R$ 3.800.00,6789012345678,false,10/11/2025
404,Moto G84,R$ 1.750.00,9012345678901,false,10/11/2025
405,ZenFone 10,"",3456789012345,true,10/11/2025
406,SuperPhone X1,R$ 3.999.90,1234567890123,false,10/11/2025
407,ProPhone Max 12,R$ 7.499.00,9876543210987,true,10/11/2025
408,MediaPad G5,R$ 1.890.50,4567890123456,true,10/11/2025
409,BudgetPhone A3,"",8765432109876,false,10/11/2025
410,Quantum Z,R$ 2.300.00,2345678901234,false,10/11/2025
411,Apex 5G,R$ 4.100.00,7654321098765,true,10/11/2025
412,Stellar Note,R$ 6.200.00,3456789012345,true,10/11/2025
413,Horizon Fold,R$ 9.999.00,6543210987654,true,10/11/2025
414,Eon 9 Pro,R$ 3.150.00,5678901234567,false,10/11/2025
415,Velocity 100,"",4321098765432,true,10/11/2025
416,Galaxy S23,R$ 5.400.00,7890123456789,false,10/11/2025
417,iPhone 15 Pro,R$ 8.200.00,8901234567890,true,10/11/2025
418,Pixel 8,R$ 3.800.00,6789012345678,true,10/11/2025
419,Moto G84,R$ 1.750.00,9012345678901,true,10/11/2025
420,ZenFone 10,"",3456789012345,false,10/11/2025
421,SuperPhone X1,R$ 3.999.90,1234567890123,false,10/11/2025
422,ProPhone Max 12,R$ 7.499.00,9876543210987,false,10/11/2025
423,MediaPad G5,R$ 1.890.50,4567890123456,true,10/11/2025
424,BudgetPhone A3,"",8765432109876,false,10/11/2025
425,Quantum Z,R$ 2.300.00,2345678901234,false,10/11/2025
426,Apex 5G,R$ 4.100.00,7654321098765,true,10/11/2025
427,Stellar Note,R$ 6.200.00,3456789012345,false,10/11/2025
428,Horizon Fold,R$ 9.999.00,6543210987654,false,10/11/2025
429,Eon 9 Pro,R$ 3.150.00,5678901234567,false,10/11/2025
430,Velocity 100,"",4321098765432,true,10/11/2025
431,Galaxy S23,R$ 5.400.00,7890123456789,true,10/11/2025
432,iPhone 15 Pro,R$ 8.200.00,8901234567890,false,10/11/2025
433,Pixel 8,R$ 3.800.00,6789012345678,false,10/11/2025
434,Moto G84,R$ 1.750.00,9012345678901,false,10/11/2025
435,ZenFone 10,"",3456789012345,false,10/11/2025
436,SuperPhone X1,R$ 3.999.90,1234567890123,true,10/11/2025
437,ProPhone Max 12,R$ 7.499.00,9876543210987,false,10/11/2025
438,MediaPad G5,R$ 1.890.50,4567890123456,false,10/11/2025
439,BudgetPhone A3,"",8765432109876,true,10/11/2025
440,Quantum Z,R$ 2.300.00,2345678901234,true,10/11/2025
441,Apex 5G,R$ 4.100.00,7654321098765,true,10/11/2025
442,Stellar Note,R$ 6.200.00,3456789012345,true,10/11/2025
443,Horizon Fold,R$ 9.999.00,6543210987654,true,10/11/2025
444,Eon 9 Pro,R$ 3.150.00,5678901234567,true,10/11/2025
445,Velocity 100,"",4321098765432,false,10/11/2025
446,Galaxy S23,R$ 5.400.00,7890123456789,true,10/11/2025
447,iPhone 15 Pro,R$ 8.200.00,8901234567890,true,10/11/2025
448,Pixel 8,R$ 3.800.00,6789012345678,false,10/11/2025
449,Moto G84,R$ 1.750.00,9012345678901,false,10/11/2025
450,ZenFone 10,"",3456789012345,false,10/11/2025
451,SuperPhone X1,R$ 3.999.90,1234567890123,false,10/11/2025
452,ProPhone Max 12,R$ 7.499.00,9876543210987,false,10/11/2025
453,MediaPad G5,R$ 1.890.50,4567890123456,false,10/11/2025
454,BudgetPhone A3,"",8765432109876,false,10/11/2025
455,Quantum Z,R$ 2.300.00,2345678901234,true,10/11/2025
456,Apex 5G,R$ 4.100.00,7654321098765,true,10/11/2025
457,Stellar Note,R$ 6.200.00,3456789012345,false,10/11/2025
458,Horizon Fold,R$ 9.999.00,6543210987654,true,10/11/2025
459,Eon 9 Pro,R$ 3.150.00,5678901234567,false,10/11/2025
460,Velocity 100,"",4321098765432,false,10/11/2025
461,Galaxy S23,R$ 5.400.00,7890123456789,false,10/11/2025
462,iPhone 15 Pro,R$ 8.200.00,8901234567890,false,10/11/2025
463,Pixel 8,R$ 3.800.00,6789012345678,false,10/11/2025
464,Moto G84,R$ 1.750.00,9012345678901,false,10/11/2025
465,ZenFone 10,"",3456789012345,true,10/11/2025
466,SuperPhone X1,R$ 3.999.90,1234567890123,true,10/11/2025
467,ProPhone Max 12,R$ 7.499.00,9876543210987,true,10/11/2025
468,MediaPad G5,R$ 1.890.50,4567890123456,false,10/11/2025
469,BudgetPhone A3,"",8765432109876,false,10/11/2025
470,Quantum Z,R$ 2.300.00,2345678901234,false,10/11/2025
471,Apex 5G,R$ 4.100.00,7654321098765,true,10/11/2025
472,Stellar Note,R$ 6.200.00,3456789012345,true,10/11/2025
473,Horizon Fold,R$ 9.999.00,6543210987654,false,10/11/2025
474,Eon 9 Pro,R$ 3.150.00,5678901234567,true,10/11/2025
475,Velocity 100,"",4321098765432,true,10/11/2025
476,Galaxy S23,R$ 5.400.00,7890123456789,true,10/11/2025
477,iPhone 15 Pro,R$ 8.200.00,8901234567890,true,10/11/2025
478,Pixel 8,R$ 3.800.00,6789012345678,true,10/11/2025
479,Moto G84,R$ 1.750.00,9012345678901,true,10/11/2025
480,ZenFone 10,"",3456789012345,true,10/11/2025
481,SuperPhone X1,R$ 3.999.90,1234567890123,false,10/11/2025
482,ProPhone Max 12,R$ 7.499.00,9876543210987,true,10/11/2025
483,MediaPad G5,R$ 1.890.50,4567890123456,true,10/11/2025
484,BudgetPhone A3,"",8765432109876,false,10/11/2025
485,Quantum Z,R$ 2.300.00,2345678901234,true,10/11/2025
486,Apex 5G,R$ 4.100.00,7654321098765,true,10/11/2025
487,Stellar Note,R$ 6.200.00,3456789012345,true,10/11/2025
488,Horizon Fold,R$ 9.999.00,6543210987654,false,10/11/2025
489,Eon 9 Pro,R$ 3.150.00,5678901234567,false,10/11/2025
490,Velocity 100,"",4321098765432,false,10/11/2025
491,Galaxy S23,R$ 5.400.00,7890123456789,true,10/11/2025
492,iPhone 15 Pro,R$ 8.200.00,8901234567890,true,10/11/2025
493,Pixel 8,R$ 3.800.00,6789012345678,false,10/11/2025
494,Moto G84,R$ 1.750.00,9012345678901,true,10/11/2025
495,ZenFone 10,"",3456789012345,false,10/11/2025
496,SuperPhone X1,R$ 3.999.90,1234567890123,true,10/11/2025
497,ProPhone Max 12,R$ 7.499.00,9876543210987,false,10/11/2025
498,MediaPad G5,R$ 1.890.50,4567890123456,false,10/11/2025
499,BudgetPhone A3,"",8765432109876,false,10/11/2025
500,Quantum Z,R$ 2.300.00,2345678901234,false,10/11/2025
501,Apex 5G,R$ 4.100.00,7654321098765,true,10/11/2025
502,Stellar Note,R$ 6.200.00,3456789012345,false,10/11/2025
503,Horizon Fold,R$ 9.999.00,6543210987654,true,10/11/2025
504,Eon 9 Pro,R$ 3.150.00,5678901234567,false,10/11/2025
505,Velocity 100,"",4321098765432,true,10/11/2025
506,Galaxy S23,R$ 5.400.00,7890123456789,false,10/11/2025
507,iPhone 15 Pro,R$ 8.200.00,8901234567890,true,10/11/2025
508,Pixel 8,R$ 3.800.00,6789012345678,true,10/11/2025
509,Moto G84,R$ 1.750.00,9012345678901,true,10/11/2025
510,ZenFone 10,"",3456789012345,false,10/11/2025
511,SuperPhone X1,R$ 3.999.90,1234567890123,false,10/11/2025
512,ProPhone Max 12,R$ 7.499.00,9876543210987,true,10/11/2025
513,MediaPad G5,R$ 1.890.50,4567890123456,false,10/11/2025
514,BudgetPhone A3,"",8765432109876,false,10/11/2025
515,Quantum Z,R$ 2.300.00,2345678901234,false,10/11/2025
516,Apex 5G,R$ 4.100.00,7654321098765,true,10/11/2025
517,Stellar Note,R$ 6.200.00,3456789012345,false,10/11/2025
518,Horizon Fold,R$ 9.999.00,6543210987654,false,10/11/2025
519,Eon 9 Pro,R$ 3.150.00,5678901234567,true,10/11/2025
520,Velocity 100,"",4321098765432,false,10/11/2025
521,Galaxy S23,R$ 5.400.00,7890123456789,false,10/11/2025
522,iPhone 15 Pro,R$ 8.200.00,8901234567890,false,10/11/2025
523,Pixel 8,R$ 3.800.00,6789012345678,false,10/11/2025
524,Moto G84,R$ 1.750.00,9012345678901,true,10/11/2025
525,ZenFone 10,"",3456789012345,false,10/11/2025
526,SuperPhone X1,R$ 3.999.90,1234567890123,true,10/11/2025
527,ProPhone Max 12,R$ 7.499.00,9876543210987,false,10/11/2025
528,MediaPad G5,R$ 1.890.50,4567890123456,false,10/11/2025
529,BudgetPhone A3,"",8765432109876,true,10/11/2025
530,Quantum Z,R$ 2.300.00,2345678901234,true,10/11/2025
531,Apex 5G,R$ 4.100.00,7654321098765,true,10/11/2025
532,Stellar Note,R$ 6.200.00,3456789012345,false,10/11/2025
533,Horizon Fold,R$ 9.999.00,6543210987654,false,10/11/2025
534,Eon 9 Pro,R$ 3.150.00,5678901234567,false,10/11/2025
535,Velocity 100,"",4321098765432,false,10/11/2025
536,Galaxy S23,R$ 5.400.00,7890123456789,true,10/11/2025
537,iPhone 15 Pro,R$ 8.200.00,8901234567890,true,10/11/2025
538,Pixel 8,R$ 3.800.00,6789012345678,true,10/11/2025
539,Moto G84,R$ 1.750.00,9012345678901,true,10/11/2025
540,ZenFone 10,"",3456789012345,false,10/11/2025
541,SuperPhone X1,R$ 3.999.90,1234567890123,false,10/11/2025
542,ProPhone Max 12,R$ 7.499.00,9876543210987,true,10/11/2025
543,MediaPad G5,R$ 1.890.50,4567890123456,false,10/11/2025
544,BudgetPhone A3,"",8765432109876,false,10/11/2025
545,Quantum Z,R$ 2.300.00,2345678901234,true,10/11/2025
546,Apex 5G,R$ 4.100.00,7654321098765,false,10/11/2025
547,Stellar Note,R$ 6.200.00,3456789012345,true,10/11/2025
548,Horizon Fold,R$ 9.999.00,6543210987654,false,10/11/2025
549,Eon 9 Pro,R$ 3.150.00,5678901234567,true,10/11/2025
550,Velocity 100,"",4321098765432,true,10/11/2025
551,Galaxy S23,R$ 5.400.00,7890123456789,true,10/11/2025
552,iPhone 15 Pro,R$ 8.200.00,8901234567890,true,10/11/2025
553,Pixel 8,R$ 3.800.00,6789012345678,true,10/11/2025
554,Moto G84,R$ 1.750.00,9012345678901,true,10/11/2025
555,ZenFone 10,"",3456789012345,true,10/11/2025
556,SuperPhone X1,R$ 3.999.90,1234567890123,true,10/11/2025
557,ProPhone Max 12,R$ 7.499.00,9876543210987,false,10/11/2025
558,MediaPad G5,R$ 1.890.50,4567890123456,false,10/11/2025
559,BudgetPhone A3,"",8765432109876,false,10/11/2025
560,Quantum Z,R$ 2.300.00,2345678901234,false,10/11/2025
561,Apex 5G,R$ 4.100.00,7654321098765,false,10/11/2025
562,Stellar Note,R$ 6.200.00,3456789012345,false,10/11/2025
563,Horizon Fold,R$ 9.999.00,6543210987654,true,10/11/2025
564,Eon 9 Pro,R$ 3.150.00,5678901234567,true,10/11/2025
565,Velocity 100,"",4321098765432,false,10/11/2025
566,Galaxy S23,R$ 5.400.00,7890123456789,true,10/11/2025
567,iPhone 15 Pro,R$ 8.200.00,8901234567890,true,10/11/2025
568,Pixel 8,R$ 3.800.00,6789012345678,true,10/11/2025
569,Moto G84,R$ 1.750.00,9012345678901,true,10/11/2025
570,ZenFone 10,"",3456789012345,false,10/11/2025
571,SuperPhone X1,R$ 3.999.90,1234567890123,true,10/11/2025
572,ProPhone Max 12,R$ 7.499.00,9876543210987,true,10/11/2025
573,MediaPad G5,R$ 1.890.50,4567890123456,false,10/11/2025
574,BudgetPhone A3,"",8765432109876,false,10/11/2025
575,Quantum Z,R$ 2.300.00,2345678901234,false,10/11/2025
576,Apex 5G,R$ 4.100.00,7654321098765,false,10/11/2025
577,Stellar Note,R$ 6.200.00,3456789012345,false,10/11/2025
578,Horizon Fold,R$ 9.999.00,6543210987654,false,10/11/2025
579,Eon 9 Pro,R$ 3.150.00,5678901234567,false,10/11/2025
580,Velocity 100,"",4321098765432,false,10/11/2025
581,Galaxy S23,R$ 5.400.00,7890123456789,true,10/11/2025
582,iPhone 15 Pro,R$ 8.200.00,8901234567890,true,10/11/2025
583,Pixel 8,R$ 3.800.00,6789012345678,true,10/11/2025
584,Moto G84,R$ 1.750.00,9012345678901,false,10/11/2025
585,ZenFone 10,"",3456789012345,true,10/11/2025
586,SuperPhone X1,R$ 3.999.90,1234567890123,false,10/11/2025
587,ProPhone Max 12,R$ 7.499.00,9876543210987,false,10/11/2025
588,MediaPad G5,R$ 1.890.50,4567890123456,true,10/11/2025
589,BudgetPhone A3,"",8765432109876,false,10/11/2025
590,Quantum Z,R$ 2.300.00,2345678901234,true,10/11/2025
591,Apex 5G,R$ 4.100.00,7654321098765,false,10/11/2025
592,Stellar Note,R$ 6.200.00,3456789012345,true,10/11/2025
593,Horizon Fold,R$ 9.999.00,6543210987654,true,10/11/2025
594,Eon 9 Pro,R$ 3.150.00,5678901234567,true,10/11/2025
595,Velocity 100,"",4321098765432,false,10/11/2025
596,Galaxy S23,R$ 5.400.00,7890123456789,true,10/11/2025
597,iPhone 15 Pro,R$ 8.200.00,8901234567890,false,10/11/2025
598,Pixel 8,R$ 3.800.00,6789012345678,true,10/11/2025
599,Moto G84,R$ 1.750.00,9012345678901,true,10/11/2025
600,ZenFone 10,"",3456789012345,true,10/11/2025
601,SuperPhone X1,R$ 3.999.90,1234567890123,true,10/11/2025
602,ProPhone Max 12,R$ 7.499.00,9876543210987,false,10/11/2025
603,MediaPad G5,R$ 1.890.50,4567890123456,false,10/11/2025
604,BudgetPhone A3,"",8765432109876,false,10/11/2025
605,Quantum Z,R$ 2.300.00,2345678901234,true,10/11/2025
606,Apex 5G,R$ 4.100.00,7654321098765,true,10/11/2025
607,Stellar Note,R$ 6.200.00,3456789012345,false,10/11/2025
608,Horizon Fold,R$ 9.999.00,6543210987654,false,10/11/2025
609,Eon 9 Pro,R$ 3.150.00,5678901234567,false,10/11/2025
610,Velocity 100,"",4321098765432,false,10/11/2025
611,Galaxy S23,R$ 5.400.00,7890123456789,false,10/11/2025
612,iPhone 15 Pro,R$ 8.200.00,8901234567890,true,10/11/2025
613,Pixel 8,R$ 3.800.00,6789012345678,false,10/11/2025
614,Moto G84,R$ 1.750.00,9012345678901,true,10/11/2025
615,ZenFone 10,"",3456789012345,false,10/11/2025
616,SuperPhone X1,R$ 3.999.90,1234567890123,true,10/11/2025
617,ProPhone Max 12,R$ 7.499.00,9876543210987,false,10/11/2025
618,MediaPad G5,R$ 1.890.50,4567890123456,true,10/11/2025
619,BudgetPhone A3,"",8765432109876,true,10/11/2025
620,Quantum Z,R$ 2.300.00,2345678901234,true,10/11/2025
621,Apex 5G,R$ 4.100.00,7654321098765,true,10/11/2025
622,Stellar Note,R$ 6.200.00,3456789012345,false,10/11/2025
623,Horizon Fold,R$ 9.999.00,6543210987654,true,10/11/2025
624,Eon 9 Pro,R$ 3.150.00,5678901234567,false,10/11/2025
625,Velocity 100,"",4321098765432,false,10/11/2025
626,Galaxy S23,R$ 5.400.00,7890123456789,false,10/11/2025
627,iPhone 15 Pro,R$ 8.200.00,8901234567890,false,10/11/2025
628,Pixel 8,R$ 3.800.00,6789012345678,false,10/11/2025
629,Moto G84,R$ 1.750.00,9012345678901,true,10/11/2025
630,ZenFone 10,"",3456789012345,false,10/11/2025
631,SuperPhone X1,R$ 3.999.90,1234567890123,true,10/11/2025
632,ProPhone Max 12,R$ 7.499.00,9876543210987,true,10/11/2025
633,MediaPad G5,R$ 1.890.50,4567890123456,true,10/11/2025
634,BudgetPhone A3,"",8765432109876,false,10/11/2025
635,Quantum Z,R$ 2.300.00,2345678901234,true,10/11/2025
636,Apex 5G,R$ 4.100.00,7654321098765,true,10/11/2025
637,Stellar Note,R$ 6.200.00,3456789012345,true,10/11/2025
638,Horizon Fold,R$ 9.999.00,6543210987654,false,10/11/2025
639,Eon 9 Pro,R$ 3.150.00,5678901234567,false,10/11/2025
640,Velocity 100,"",4321098765432,false,10/11/2025
641,Galaxy S23,R$ 5.400.00,7890123456789,false,10/11/2025
642,iPhone 15 Pro,R$ 8.200.00,8901234567890,true,10/11/2025
643,Pixel 8,R$ 3.800.00,6789012345678,false,10/11/2025
644,Moto G84,R$ 1.750.00,9012345678901,true,10/11/2025
645,ZenFone 10,"",3456789012345,true,10/11/2025
646,SuperPhone X1,R$ 3.999.90,1234567890123,true,10/11/2025
647,ProPhone Max 12,R$ 7.499.00,9876543210987,true,10/11/2025
648,MediaPad G5,R$ 1.890.50,4567890123456,true,10/11/2025
649,BudgetPhone A3,"",8765432109876,false,10/11/2025
650,Quantum Z,R$ 2.300.00,2345678901234,false,10/11/2025
651,Apex 5G,R$ 4.100.00,7654321098765,true,10/11/2025
652,Stellar Note,R$ 6.200.00,3456789012345,false,10/11/2025
653,Horizon Fold,R$ 9.999.00,6543210987654,true,10/11/2025
654,Eon 9 Pro,R$ 3.150.00,5678901234567,false,10/11/2025
655,Velocity 100,"",4321098765432,true,10/11/2025
656,Galaxy S23,R$ 5.400.00,7890123456789,false,10/11/2025
657,iPhone 15 Pro,R$ 8.200.00,8901234567890,false,10/11/2025
658,Pixel 8,R$ 3.800.00,6789012345678,false,10/11/2025
659,Moto G84,R$ 1.750.00,9012345678901,false,10/11/2025
660,ZenFone 10,"",3456789012345,true,10/11/2025
661,SuperPhone X1,R$ 3.999.90,1234567890123,true,10/11/2025
662,ProPhone Max 12,R$ 7.499.00,9876543210987,true,10/11/2025
663,MediaPad G5,R$ 1.890.50,4567890123456,false,10/11/2025
664,BudgetPhone A3,"",8765432109876,false,10/11/2025
665,Quantum Z,R$ 2.300.00,2345678901234,false,10/11/2025
666,Apex 5G,R$ 4.100.00,7654321098765,true,10/11/2025
667,Stellar Note,R$ 6.200.00,3456789012345,false,10/11/2025
668,Horizon Fold,R$ 9.999.00,6543210987654,true,10/11/2025
669,Eon 9 Pro,R$ 3.150.00,5678901234567,false,10/11/2025
670,Velocity 100,"",4321098765432,true,10/11/2025
671,Galaxy S23,R$ 5.400.00,7890123456789,true,10/11/2025
672,iPhone 15 Pro,R$ 8.200.00,8901234567890,false,10/11/2025
673,Pixel 8,R$ 3.800.00,6789012345678,true,10/11/2025
674,Moto G84,R$ 1.750.00,9012345678901,false,10/11/2025
675,ZenFone 10,"",3456789012345,true,10/11/2025
676,SuperPhone X1,R$ 3.999.90,1234567890123,true,10/11/2025
677,ProPhone Max 12,R$ 7.499.00,9876543210987,false,10/11/2025
678,MediaPad G5,R$ 1.890.50,4567890123456,true,10/11/2025
679,BudgetPhone A3,"",8765432109876,true,10/11/2025
680,Quantum Z,R$ 2.300.00,2345678901234,true,10/11/2025
681,Apex 5G,R$ 4.100.00,7654321098765,false,10/11/2025
682,Stellar Note,R$ 6.200.00,3456789012345,false,10/11/2025
683,Horizon Fold,R$ 9.999.00,6543210987654,false,10/11/2025
684,Eon 9 Pro,R$ 3.150.00,5678901234567,true,10/11/2025
685,Velocity 100,"",4321098765432,false,10/11/2025
686,Galaxy S23,R$ 5.400.00,7890123456789,false,10/11/2025
687,iPhone 15 Pro,R$ 8.200.00,8901234567890,false,10/11/2025
688,Pixel 8,R$ 3.800.00,6789012345678,true,10/11/2025
689,Moto G84,R$ 1.750.00,9012345678901,false,10/11/2025
690,ZenFone 10,"",3456789012345,true,10/11/2025
691,SuperPhone X1,R$ 3.999.90,1234567890123,false,10/11/2025
692,ProPhone Max 12,R$ 7.499.00,9876543210987,true,10/11/2025
693,MediaPad G5,R$ 1.890.50,4567890123456,true,10/11/2025
694,BudgetPhone A3,"",8765432109876,true,10/11/2025
695,Quantum Z,R$ 2.300.00,2345678901234,false,10/11/2025
696,Apex 5G,R$ 4.100.00,7654321098765,false,10/11/2025
697,Stellar Note,R$ 6.200.00,3456789012345,true,10/11/2025
698,Horizon Fold,R$ 9.999.00,6543210987654,false,10/11/2025
699,Eon 9 Pro,R$ 3.150.00,5678901234567,false,10/11/2025
700,Velocity 100,"",4321098765432,true,10/11/2025
701,Galaxy S23,R$ 5.400.00,7890123456789,true,10/11/2025
702,iPhone 15 Pro,R$ 8.200.00,8901234567890,false,10/11/2025
703,Pixel 8,R$ 3.800.00,6789012345678,true,10/11/2025
704,Moto G84,R$ 1.750.00,9012345678901,true,10/11/2025
705,ZenFone 10,"",3456789012345,false,10/11/2025
706,SuperPhone X1,R$ 3.999.90,1234567890123,true,10/11/2025
707,ProPhone Max 12,R$ 7.499.00,9876543210987,true,10/11/2025
708,MediaPad G5,R$ 1.890.50,4567890123456,true,10/11/2025
709,BudgetPhone A3,"",8765432109876,false,10/11/2025
710,Quantum Z,R$ 2.300.00,2345678901234,true,10/11/2025
711,Apex 5G,R$ 4.100.00,7654321098765,true,10/11/2025
712,Stellar Note,R$ 6.200.00,3456789012345,false,10/11/2025
713,Horizon Fold,R$ 9.999.00,6543210987654,false,10/11/2025
714,Eon 9 Pro,R$ 3.150.00,5678901234567,false,10/11/2025
715,Velocity 100,"",4321098765432,false,10/11/2025
716,Galaxy S23,R$ 5.400.00,7890123456789,false,10/11/2025
717,iPhone 15 Pro,R$ 8.200.00,8901234567890,true,10/11/2025
718,Pixel 8,R$ 3.800.00,6789012345678,false,10/11/2025
719,Moto G84,R$ 1.750.00,9012345678901,false,10/11/2025
720,ZenFone 10,"",3456789012345,false,10/11/2025
721,SuperPhone X1,R$ 3.999.90,1234567890123,false,10/11/2025
722,ProPhone Max 12,R$ 7.499.00,9876543210987,true,10/11/2025
723,MediaPad G5,R$ 1.890.50,4567890123456,true,10/11/2025
724,BudgetPhone A3,"",8765432109876,false,10/11/2025
725,Quantum Z,R$ 2.300.00,2345678901234,true,10/11/2025
726,Apex 5G,R$ 4.100.00,7654321098765,true,10/11/2025
727,Stellar Note,R$ 6.200.00,3456789012345,false,10/11/2025
728,Horizon Fold,R$ 9.999.00,6543210987654,false,10/11/2025
729,Eon 9 Pro,R$ 3.150.00,5678901234567,true,10/11/2025
730,Velocity 100,"",4321098765432,true,10/11/2025
731,Galaxy S23,R$ 5.400.00,7890123456789,true,10/11/2025
732,iPhone 15 Pro,R$ 8.200.00,8901234567890,false,10/11/2025
733,Pixel 8,R$ 3.800.00,6789012345678,true,10/11/2025
734,Moto G84,R$ 1.750.00,9012345678901,true,10/11/2025
735,ZenFone 10,"",3456789012345,true,10/11/2025
736,SuperPhone X1,R$ 3.999.90,1234567890123,true,10/11/2025
737,ProPhone Max 12,R$ 7.499.00,9876543210987,true,10/11/2025
738,MediaPad G5,R$ 1.890.50,4567890123456,false,10/11/2025
739,BudgetPhone A3,"",8765432109876,true,10/11/2025
740,Quantum Z,R$ 2.300.00,2345678901234,true,10/11/2025
741,Apex 5G,R$ 4.100.00,7654321098765,true,10/11/2025
742,Stellar Note,R$ 6.200.00,3456789012345,false,10/11/2025
743,Horizon Fold,R$ 9.999.00,6543210987654,true,10/11/2025
744,Eon 9 Pro,R$ 3.150.00,5678901234567,false,10/11/2025
745,Velocity 100,"",4321098765432,true,10/11/2025
746,Galaxy S23,R$ 5.400.00,7890123456789,false,10/11/2025
747,iPhone 15 Pro,R$ 8.200.00,8901234567890,false,10/11/2025
748,Pixel 8,R$ 3.800.00,6789012345678,true,10/11/2025
749,Moto G84,R$ 1.750.00,9012345678901,true,10/11/2025
750,ZenFone 10,"",3456789012345,false,10/11/2025
751,SuperPhone X1,R$ 3.999.90,1234567890123,false,10/11/2025
752,ProPhone Max 12,R$ 7.499.00,9876543210987,true,10/11/2025
753,MediaPad G5,R$ 1.890.50,4567890123456,false,10/11/2025
754,BudgetPhone A3,"",8765432109876,false,10/11/2025
755,Quantum Z,R$ 2.300.00,2345678901234,false,10/11/2025
756,Apex 5G,R$ 4.100.00,7654321098765,true,10/11/2025
757,Stellar Note,R$ 6.200.00,3456789012345,true,10/11/2025
758,Horizon Fold,R$ 9.999.00,6543210987654,true,10/11/2025
759,Eon 9 Pro,R$ 3.150.00,5678901234567,true,10/11/2025
760,Velocity 100,"",4321098765432,true,10/11/2025
761,Galaxy S23,R$ 5.400.00,7890123456789,false,10/11/2025
762,iPhone 15 Pro,R$ 8.200.00,8901234567890,false,10/11/2025
763,Pixel 8,R$ 3.800.00,6789012345678,true,10/11/2025
764,Moto G84,R$ 1.750.00,9012345678901,true,10/11/2025
765,ZenFone 10,"",3456789012345,true,10/11/2025
766,SuperPhone X1,R$ 3.999.90,1234567890123,true,10/11/2025
767,ProPhone Max 12,R$ 7.499.00,9876543210987,false,10/11/2025
768,MediaPad G5,R$ 1.890.50,4567890123456,false,10/11/2025
769,BudgetPhone A3,"",8765432109876,false,10/11/2025
770,Quantum Z,R$ 2.300.00,2345678901234,false,10/11/2025
771,Apex 5G,R$ 4.100.00,7654321098765,false,10/11/2025
772,Stellar Note,R$ 6.200.00,3456789012345,true,10/11/2025
773,Horizon Fold,R$ 9.999.00,6543210987654,false,10/11/2025
774,Eon 9 Pro,R$ 3.150.00,5678901234567,true,10/11/2025
775,Velocity 100,"",4321098765432,true,10/11/2025
776,Galaxy S23,R$ 5.400.00,7890123456789,true,10/11/2025
777,iPhone 15 Pro,R$ 8.200.00,8901234567890,true,10/11/2025
778,Pixel 8,R$ 3.800.00,6789012345678,false,10/11/2025
779,Moto G84,R$ 1.750.00,9012345678901,false,10/11/2025
780,ZenFone 10,"",3456789012345,true,10/11/2025
781,SuperPhone X1,R$ 3.999.90,1234567890123,true,10/11/2025
782,ProPhone Max 12,R$ 7.499.00,9876543210987,false,10/11/2025
783,MediaPad G5,R$ 1.890.50,4567890123456,true,10/11/2025
784,BudgetPhone A3,"",8765432109876,true,10/11/2025
785,Quantum Z,R$ 2.300.00,2345678901234,false,10/11/2025
786,Apex 5G,R$ 4.100.00,7654321098765,true,10/11/2025
787,Stellar Note,R$ 6.200.00,3456789012345,true,10/11/2025
788,Horizon Fold,R$ 9.999.00,6543210987654,true,10/11/2025
789,Eon 9 Pro,R$ 3.150.00,5678901234567,true,10/11/2025
790,Velocity 100,"",4321098765432,true,10/11/2025
791,Galaxy S23,R$ 5.400.00,7890123456789,false,10/11/2025
792,iPhone 15 Pro,R$ 8.200.00,8901234567890,true,10/11/2025
793,Pixel 8,R$ 3.800.00,6789012345678,true,10/11/2025
794,Moto G84,R$ 1.750.00,9012345678901,false,10/11/2025
795,ZenFone 10,"",3456789012345,false,10/11/2025
796,SuperPhone X1,R$ 3.999.90,1234567890123,false,10/11/2025
797,ProPhone Max 12,R$ 7.499.00,9876543210987,false,10/11/2025
798,MediaPad G5,R$ 1.890.50,4567890123456,true,10/11/2025
799,BudgetPhone A3,"",8765432109876,false,10/11/2025
800,Quantum Z,R$ 2.300.00,2345678901234,false,10/11/2025
801,Apex 5G,R$ 4.100.00,7654321098765,true,10/11/2025
802,Stellar Note,R$ 6.200.00,3456789012345,true,10/11/2025
803,Horizon Fold,R$ 9.999.00,6543210987654,true,10/11/2025
804,Eon 9 Pro,R$ 3.150.00,5678901234567,true,10/11/2025
805,Velocity 100,"",4321098765432,false,10/11/2025
806,Galaxy S23,R$ 5.400.00,7890123456789,true,10/11/2025
807,iPhone 15 Pro,R$ 8.200.00,8901234567890,true,10/11/2025
808,Pixel 8,R$ 3.800.00,6789012345678,true,10/11/2025
809,Moto G84,R$ 1.750.00,9012345678901,true,10/11/2025
810,ZenFone 10,"",3456789012345,true,10/11/2025
811,SuperPhone X1,R$ 3.999.90,1234567890123,true,10/11/2025
812,ProPhone Max 12,R$ 7.499.00,9876543210987,false,10/11/2025
813,MediaPad G5,R$ 1.890.50,4567890123456,false,10/11/2025
814,BudgetPhone A3,"",8765432109876,false,10/11/2025
815,Quantum Z,R$ 2.300.00,2345678901234,false,10/11/2025
816,Apex 5G,R$ 4.100.00,7654321098765,false,10/11/2025
817,Stellar Note,R$ 6.200.00,3456789012345,false,10/11/2025
818,Horizon Fold,R$ 9.999.00,6543210987654,true,10/11/2025
819,Eon 9 Pro,R$ 3.150.00,5678901234567,true,10/11/2025
820,Velocity 100,"",4321098765432,false,10/11/2025
821,Galaxy S23,R$ 5.400.00,7890123456789,false,10/11/2025
822,iPhone 15 Pro,R$ 8.200.00,8901234567890,false,10/11/2025
823,Pixel 8,R$ 3.800.00,6789012345678,false,10/11/2025
824,Moto G84,R$ 1.750.00,9012345678901,true,10/11/2025
825,ZenFone 10,"",3456789012345,false,10/11/2025
826,SuperPhone X1,R$ 3.999.90,1234567890123,false,10/11/2025
827,ProPhone Max 12,R$ 7.499.00,9876543210987,false,10/11/2025
828,MediaPad G5,R$ 1.890.50,4567890123456,false,10/11/2025
829,BudgetPhone A3,"",8765432109876,false,10/11/2025
830,Quantum Z,R$ 2.300.00,2345678901234,true,10/11/2025
831,Apex 5G,R$ 4.100.00,7654321098765,true,10/11/2025
832,Stellar Note,R$ 6.200.00,3456789012345,false,10/11/2025
833,Horizon Fold,R$ 9.999.00,6543210987654,true,10/11/2025
834,Eon 9 Pro,R$ 3.150.00,5678901234567,false,10/11/2025
835,Velocity 100,"",4321098765432,false,10/11/2025
836,Galaxy S23,R$ 5.400.00,7890123456789,true,10/11/2025
837,iPhone 15 Pro,R$ 8.200.00,8901234567890,false,10/11/2025
838,Pixel 8,R$ 3.800.00,6789012345678,false,10/11/2025
839,Moto G84,R$ 1.750.00,9012345678901,false,10/11/2025
840,ZenFone 10,"",3456789012345,true,10/11/2025
841,SuperPhone X1,R$ 3.999.90,1234567890123,true,10/11/2025
842,ProPhone Max 12,R$ 7.499.00,9876543210987,true,10/11/2025
843,MediaPad G5,R$ 1.890.50,4567890123456,false,10/11/2025
844,BudgetPhone A3,"",8765432109876,true,10/11/2025
845,Quantum Z,R$ 2.300.00,2345678901234,true,10/11/2025
846,Apex 5G,R$ 4.100.00,7654321098765,false,10/11/2025
847,Stellar Note,R$ 6.200.00,3456789012345,false,10/11/2025
848,Horizon Fold,R$ 9.999.00,6543210987654,true,10/11/2025
849,Eon 9 Pro,R$ 3.150.00,5678901234567,true,10/11/2025
850,Velocity 100,"",4321098765432,false,10/11/2025
851,Galaxy S23,R$ 5.400.00,7890123456789,true,10/11/2025
852,iPhone 15 Pro,R$ 8.200.00,8901234567890,false,10/11/2025
853,Pixel 8,R$ 3.800.00,6789012345678,false,10/11/2025
854,Moto G84,R$ 1.750.00,9012345678901,true,10/11/2025
855,ZenFone 10,"",3456789012345,false,10/11/2025
856,SuperPhone X1,R$ 3.999.90,1234567890123,true,10/11/2025
857,ProPhone Max 12,R$ 7.499.00,9876543210987,false,10/11/2025
858,MediaPad G5,R$ 1.890.50,4567890123456,false,10/11/2025
859,BudgetPhone A3,"",8765432109876,false,10/11/2025
860,Quantum Z,R$ 2.300.00,2345678901234,true,10/11/2025
861,Apex 5G,R$ 4.100.00,7654321098765,false,10/11/2025
862,Stellar Note,R$ 6.200.00,3456789012345,false,10/11/2025
863,Horizon Fold,R$ 9.999.00,6543210987654,false,10/11/2025
864,Eon 9 Pro,R$ 3.150.00,5678901234567,true,10/11/2025
865,Velocity 100,"",4321098765432,false,10/11/2025
866,Galaxy S23,R$ 5.400.00,7890123456789,false,10/11/2025
867,iPhone 15 Pro,R$ 8.200.00,8901234567890,false,10/11/2025
868,Pixel 8,R$ 3.800.00,6789012345678,false,10/11/2025
869,Moto G84,R$ 1.750.00,9012345678901,true,10/11/2025
870,ZenFone 10,"",3456789012345,false,10/11/2025
871,SuperPhone X1,R$ 3.999.90,1234567890123,false,10/11/2025
872,ProPhone Max 12,R$ 7.499.00,9876543210987,true,10/11/2025
873,MediaPad G5,R$ 1.890.50,4567890123456,true,10/11/2025
874,BudgetPhone A3,"",8765432109876,false,10/11/2025
875,Quantum Z,R$ 2.300.00,2345678901234,true,10/11/2025
876,Apex 5G,R$ 4.100.00,7654321098765,false,10/11/2025
877,Stellar Note,R$ 6.200.00,3456789012345,true,10/11/2025
878,Horizon Fold,R$ 9.999.00,6543210987654,false,10/11/2025
879,Eon 9 Pro,R$ 3.150.00,5678901234567,false,10/11/2025
880,Velocity 100,"",4321098765432,false,10/11/2025
881,Galaxy S23,R$ 5.400.00,7890123456789,true,10/11/2025
882,iPhone 15 Pro,R$ 8.200.00,8901234567890,false,10/11/2025
883,Pixel 8,R$ 3.800.00,6789012345678,true,10/11/2025
884,Moto G84,R$ 1.750.00,9012345678901,false,10/11/2025
885,ZenFone 10,"",3456789012345,true,10/11/2025
886,SuperPhone X1,R$ 3.999.90,1234567890123,false,10/11/2025
887,ProPhone Max 12,R$ 7.499.00,9876543210987,true,10/11/2025
888,MediaPad G5,R$ 1.890.50,4567890123456,true,10/11/2025
889,BudgetPhone A3,"",8765432109876,true,10/11/2025
890,Quantum Z,R$ 2.300.00,2345678901234,false,10/11/2025
891,Apex 5G,R$ 4.100.00,7654321098765,false,10/11/2025
892,Stellar Note,R$ 6.200.00,3456789012345,true,10/11/2025
893,Horizon Fold,R$ 9.999.00,6543210987654,false,10/11/2025
894,Eon 9 Pro,R$ 3.150.00,5678901234567,true,10/11/2025
895,Velocity 100,"",4321098765432,true,10/11/2025
896,Galaxy S23,R$ 5.400.00,7890123456789,true,10/11/2025
897,iPhone 15 Pro,R$ 8.200.00,8901234567890,false,10/11/2025
898,Pixel 8,R$ 3.800.00,6789012345678,true,10/11/2025
899,Moto G84,R$ 1.750.00,9012345678901,true,10/11/2025
900,ZenFone 10,"",3456789012345,false,10/11/2025
901,SuperPhone X1,R$ 3.999.90,1234567890123,false,10/11/2025
902,ProPhone Max 12,R$ 7.499.00,9876543210987,false,10/11/2025
903,MediaPad G5,R$ 1.890.50,4567890123456,true,10/11/2025
904,BudgetPhone A3,"",8765432109876,false,10/11/2025
905,Quantum Z,R$ 2.300.00,2345678901234,false,10/11/2025
906,Apex 5G,R$ 4.100.00,7654321098765,true,10/11/2025
907,Stellar Note,R$ 6.200.00,3456789012345,true,10/11/2025
908,Horizon Fold,R$ 9.999.00,6543210987654,true,10/11/2025
909,Eon 9 Pro,R$ 3.150.00,5678901234567,false,10/11/2025
910,Velocity 100,"",4321098765432,false,10/11/2025
911,Galaxy S23,R$ 5.400.00,7890123456789,true,10/11/2025
912,iPhone 15 Pro,R$ 8.200.00,8901234567890,false,10/11/2025
913,Pixel 8,R$ 3.800.00,6789012345678,true,10/11/2025
914,Moto G84,R$ 1.750.00,9012345678901,false,10/11/2025
915,ZenFone 10,"",3456789012345,false,10/11/2025
916,SuperPhone X1,R$ 3.999.90,1234567890123,false,10/11/2025
917,ProPhone Max 12,R$ 7.499.00,9876543210987,true,10/11/2025
918,MediaPad G5,R$ 1.890.50,4567890123456,true,10/11/2025
919,BudgetPhone A3,"",8765432109876,true,10/11/2025
920,Quantum Z,R$ 2.300.00,2345678901234,false,10/11/2025
921,Apex 5G,R$ 4.100.00,7654321098765,true,10/11/2025
922,Stellar Note,R$ 6.200.00,3456789012345,false,10/11/2025
923,Horizon Fold,R$ 9.999.00,6543210987654,true,10/11/2025
924,Eon 9 Pro,R$ 3.150.00,5678901234567,false,10/11/2025
925,Velocity 100,"",4321098765432,true,10/11/2025
926,Galaxy S23,R$ 5.400.00,7890123456789,true,10/11/2025
927,iPhone 15 Pro,R$ 8.200.00,8901234567890,true,10/11/2025
928,Pixel 8,R$ 3.800.00,6789012345678,true,10/11/2025
929,Moto G84,R$ 1.750.00,9012345678901,true,10/11/2025
930,ZenFone 10,"",3456789012345,false,10/11/2025
931,SuperPhone X1,R$ 3.999.90,1234567890123,true,10/11/2025
932,ProPhone Max 12,R$ 7.499.00,9876543210987,false,10/11/2025
933,MediaPad G5,R$ 1.890.50,4567890123456,true,10/11/2025
934,BudgetPhone A3,"",8765432109876,true,10/11/2025
935,Quantum Z,R$ 2.300.00,2345678901234,false,10/11/2025
936,Apex 5G,R$ 4.100.00,7654321098765,true,10/11/2025
937,Stellar Note,R$ 6.200.00,3456789012345,true,10/11/2025
938,Horizon Fold,R$ 9.999.00,6543210987654,true,10/11/2025
939,Eon 9 Pro,R$ 3.150.00,5678901234567,true,10/11/2025
940,Velocity 100,"",4321098765432,true,10/11/2025
941,Galaxy S23,R$ 5.400.00,7890123456789,false,10/11/2025
942,iPhone 15 Pro,R$ 8.200.00,8901234567890,true,10/11/2025
943,Pixel 8,R$ 3.800.00,6789012345678,false,10/11/2025
944,Moto G84,R$ 1.750.00,9012345678901,true,10/11/2025
945,ZenFone 10,"",3456789012345,false,10/11/2025
946,SuperPhone X1,R$ 3.999.90,1234567890123,true,10/11/2025
947,ProPhone Max 12,R$ 7.499.00,9876543210987,false,10/11/2025
948,MediaPad G5,R$ 1.890.50,4567890123456,true,10/11/2025
949,BudgetPhone A3,"",8765432109876,true,10/11/2025
950,Quantum Z,R$ 2.300.00,2345678901234,true,10/11/2025
951,Apex 5G,R$ 4.100.00,7654321098765,false,10/11/2025
952,Stellar Note,R$ 6.200.00,3456789012345,true,10/11/2025
953,Horizon Fold,R$ 9.999.00,6543210987654,true,10/11/2025
954,Eon 9 Pro,R$ 3.150.00,5678901234567,true,10/11/2025
955,Velocity 100,"",4321098765432,true,10/11/2025
956,Galaxy S23,R$ 5.400.00,7890123456789,false,10/11/2025
957,iPhone 15 Pro,R$ 8.200.00,8901234567890,false,10/11/2025
958,Pixel 8,R$ 3.800.00,6789012345678,true,10/11/2025
959,Moto G84,R$ 1.750.00,9012345678901,true,10/11/2025
960,ZenFone 10,"",3456789012345,true,10/11/2025
961,SuperPhone X1,R$ 3.999.90,1234567890123,false,10/11/2025
962,ProPhone Max 12,R$ 7.499.00,9876543210987,true,10/11/2025
963,MediaPad G5,R$ 1.890.50,4567890123456,true,10/11/2025
964,BudgetPhone A3,"",8765432109876,false,10/11/2025
965,Quantum Z,R$ 2.300.00,2345678901234,true,10/11/2025
966,Apex 5G,R$ 4.100.00,7654321098765,true,10/11/2025
967,Stellar Note,R$ 6.200.00,3456789012345,true,10/11/2025
968,Horizon Fold,R$ 9.999.00,6543210987654,false,10/11/2025
969,Eon 9 Pro,R$ 3.150.00,5678901234567,false,10/11/2025
970,Velocity 100,"",4321098765432,true,10/11/2025
971,Galaxy S23,R$ 5.400.00,7890123456789,true,10/11/2025
972,iPhone 15 Pro,R$ 8.200.00,8901234567890,true,10/11/2025
973,Pixel 8,R$ 3.800.00,6789012345678,false,10/11/2025
974,Moto G84,R$ 1.750.00,9012345678901,false,10/11/2025
975,ZenFone 10,"",3456789012345,true,10/11/2025
976,SuperPhone X1,R$ 3.999.90,1234567890123,true,10/11/2025
977,ProPhone Max 12,R$ 7.499.00,9876543210987,true,10/11/2025
978,MediaPad G5,R$ 1.890.50,4567890123456,true,10/11/2025
979,BudgetPhone A3,"",8765432109876,true,10/11/2025
980,Quantum Z,R$ 2.300.00,2345678901234,true,10/11/2025
981,Apex 5G,R$ 4.100.00,7654321098765,false,10/11/2025
982,Stellar Note,R$ 6.200.00,3456789012345,false,10/11/2025
983,Horizon Fold,R$ 9.999.00,6543210987654,true,10/11/2025
984,Eon 9 Pro,R$ 3.150.00,5678901234567,false,10/11/2025
985,Velocity 100,"",4321098765432,false,10/11/2025
986,Galaxy S23,R$ 5.400.00,7890123456789,true,10/11/2025
987,iPhone 15 Pro,R$ 8.200.00,8901234567890,true,10/11/2025
988,Pixel 8,R$ 3.800.00,6789012345678,false,10/11/2025
989,Moto G84,R$ 1.750.00,9012345678901,true,10/11/2025
990,ZenFone 10,"",3456789012345,true,10/11/2025
991,SuperPhone X1,R$ 3.999.90,1234567890123,true,10/11/2025
992,ProPhone Max 12,R$ 7.499.00,9876543210987,false,10/11/2025
993,MediaPad G5,R$ 1.890.50,4567890123456,false,10/11/2025
994,BudgetPhone A3,"",8765432109876,false,10/11/2025
995,Quantum Z,R$ 2.300.00,2345678901234,false,10/11/2025
996,Apex 5G,R$ 4.100.00,7654321098765,true,10/11/2025
997,Stellar Note,R$ 6.200.00,3456789012345,false,10/11/2025
998,Horizon Fold,R$ 9.999.00,6543210987654,true,10/11/2025
999,Eon 9 Pro,R$ 3.150.00,5678901234567,true,10/11/2025
1000,Velocity 100,"",4321098765432,false,10/11/2025
